email,password,username
jsherratt0@ebay.com,$2a$04$NN9I6NH8RyKSKbCY5k6E.ud62/mJ2lvGYPiDtWH0Qbi22RmFapnY2,memett0
mpitceathly1@nsw.gov.au,$2a$04$vJPWEdgunOlZsODfENpHbeNUSdd.9Y83nHmxI20x4g.M/A3RY..oi,atroucher1
ctelezhkin2@wix.com,$2a$04$3c2qPBvz5DL1TZMQo9Ovruf02Q73HOZI4P0e/74KEHAIUu//Nn9sm,mhughes2
nogrowgane3@cornell.edu,$2a$04$Parjt.GM5EhohD30yJHVc.YdU2muoJ1/whU0bb96KFs1jg1EeKxOa,gdods3
lheskey4@mediafire.com,$2a$04$8.5pzaM71A4RXaDyZtVFLOMUpDrsKVqGPCZuTRZgcFKXs.r2AHTuC,sbunney4
lellif5@independent.co.uk,$2a$04$IQ8DzJ3LqPiYJaN1UdXO6uzc7A1SI3U9D.q3RlH31ruONfnutdlpm,epaolini5
lholah6@indiegogo.com,$2a$04$UUHDy3oPlzHoENIqUV9WBuYw7jMdNkK.namsXyEqcUPRaeEVeSI3.,atriner6
gobreen7@constantcontact.com,$2a$04$4sGLjp/9MoODVgNwJ53CD.YhYxDJtfzYnRdeS5f4xU7m7Y/GwYeHe,dgreenhowe7
jshmyr8@cloudflare.com,$2a$04$nQFPNcsWHQXLwkHm5YtIq.SMysWyeK9YLrRWPMzVvYlCA48vk8Dmy,adowney8
amatantsev9@marketwatch.com,$2a$04$fwICtZ9SOFJLAhFKhNJ1/eH3bjJ0bCz1YIX0sXTS.mqDPUO2NN38y,awinscum9
imephana@nature.com,$2a$04$HiXz8HW1c4LUMZglix3oFO9c2QQHYshCkXUuREggLDL2xTJbZnOAW,rmcelreea
dsteutlyb@mozilla.com,$2a$04$fLbUSPCIPjj4JEUFfzdDcuquzZprwV6xkyM3DnJ3n0EAlkfHPUqeW,mtuffleyb
pseebrightc@smh.com.au,$2a$04$ofGjhN8WEAHWUCvCmBJ14.JgzmxLKNi9Sf5faavraVAXvkDki3lxy,bleveringtonc
rfarreyd@fc2.com,$2a$04$phCylu6aPFTMxgBDjeGgsOKwvhDD26XuehB4guWnY49zh3xaGvYri,dhamptond
rattfielde@jigsy.com,$2a$04$xSPg79htKDSbyScjoirSAOja.w8JQD2ieb4ZmYvQx4K84vFdNH77O,plohdene
jpettingerf@goo.gl,$2a$04$fqTJzriP1zNzjh7ufFnox.Ww7pSYMiHUS2ILIl07gIpb2VEnUNDoW,sheppnerf
pbigling@blog.com,$2a$04$NxGzB7dvzikS8JDYaMmTEO951ZXgS1FUkrk8uuXyBoB2auGkXvfzq,vthrossellg
acolebyh@phpbb.com,$2a$04$.UDYaUKN29SczMGVN/nckud2eUMsAJ2O8CIOkczx6X3HMHuE7c6gy,gduffieldh
vnewlovei@ftc.gov,$2a$04$PANfcw8mKvejr3iv/cjC6OYTvb9Zys.GujJ/feZFzvAa/SQ.NCaEq,dbillami
rfoskettj@sun.com,$2a$04$xGdjpFs/jGDboc8FnfpDguhQl02bfqEpetqi7pcQ8lPBfF7mGj/Qq,fogradyj
amenelk@cbslocal.com,$2a$04$ApsFM8rzdCrCglkHX0vzte5y82WFhK/3oiUivekJjuvdjAA5VGLCm,gflipsk
dfairbrassl@marriott.com,$2a$04$iayIcKUXSasMxfAi8nJHce8zGJDwQj299DEAvqWE/i8yG5UiwhKYe,dpumfreyl
screnshawm@msn.com,$2a$04$QWjHzuvyxB939SLqyLi52e0VVm8mSqTOsmGRntydZCuqGWc316dtK,pfeldmannm
gborastonn@house.gov,$2a$04$AThSt9BLByiBf2yyZ4Cxd.41dm3YRwngwDsuB39n4gkbulmitx7r2,wlympanyn
hpaceo@skyrock.com,$2a$04$ukkBLYyfg3LnUXRZirheXO.ZskBlvKCKxAO7SWPBJhSVlXyCPF/XO,mklimpto
pgerransp@sciencedirect.com,$2a$04$s6s1pnOvUXyzfCn.o9iRUum.XhSrRq5xdfCXfwaiUwOJgkDDi11kO,kolechnowiczp
ktruemanq@163.com,$2a$04$dZEF4UUMjruSlJ/dhd/Nx.BxUD.sbo9X4p8MfkYPBDGYqMWiV.yb6,cbattissonq
aoyleyr@dailymotion.com,$2a$04$p/WIGa8AVILGHf8e27zYuuT7SaQHyh.9lc.FTriWB1RcET9j.mnaq,dfroomr
jfennas@1und1.de,$2a$04$Wxd/7PvW8AgkipumsvNMreXbtk5q6Yh0tuSeLLW/znM6W18PZjo7.,vperazzos
gqueent@homestead.com,$2a$04$MABbQr9uzEiOHiHzNkmMNeXSusTNORDUhsEZUSnJWmMziLxZ7YKlG,nlongwortht
ringsu@devhub.com,$2a$04$8bu/gDpJtU24d4DOpbjBBOwsjlPK3.aru9DSDXiURgMy/ZNQ8gj.S,askeatsu
mdivinyv@theatlantic.com,$2a$04$5UpKW7p6jzr0R4EbgpeOxuD/.qkfpvZvCknjjkjHyDe6ZayL6Co5m,jstogillv
estoneyw@wikipedia.org,$2a$04$0RfMhI9/9zU.dO0lKbc9bu3F1Kg4UbrTyFi3ynyiYBMYaOdI2DmgW,aheggmanw
smunksx@nymag.com,$2a$04$TLGJjFf5inSqMfaKLEviIOc1AmC2bjtUh/Afy6Z5mw2QOKZLd.qQ.,bjeaffersonx
vspantony@patch.com,$2a$04$3PSBt2XRBukIIR2v68g5eeoWAbyVMMSLTgaSUFK5YcnzA7OOykhuq,acagany
acombenz@hc360.com,$2a$04$u8rMpT5VX9v4WKkffu.ojeldN.xnhlILP5LdavYztH1jkMLDGFQFu,mwolfendalez
mosculley10@opera.com,$2a$04$D7xOfjfrkhnVK9wvdPXdcuhLirlb8xDwbPGPJLMXLTpfekM1n9CQ.,rknellen10
pscrooby11@about.com,$2a$04$NTzr8df318UWVM/aBH10GeUlLaML9f8jvDW4qFS68w2uH//mpjV.G,hroobottom11
emorl12@usatoday.com,$2a$04$169foHsKFdkmaiyDFTs.8uICDmM6dTM3c89sJ5jPtKjuDoK7dKL8S,dtilte12
nwyche13@wunderground.com,$2a$04$Cl93Gc7rHTe29BgUm8CrMexSicU6yLt9q9ivnaKipEgaqW21vxuFm,cridolfo13
tonn14@salon.com,$2a$04$h.NAJzaQ4AqsEB3poJJZbuaRKLS/4kxjrrjgvpv2oY72KY5yUf8G6,sbendson14
kmcneillie15@nps.gov,$2a$04$GcHOVyX6ZFBm/4ZeGIFjDOznfR3xm0BHwYWOI.NEFkCCxFJvOOStq,phadley15
nzavattari16@amazonaws.com,$2a$04$fkg2cG14yDNvyrpYo9lt8..1t/Kn9n4hrFQoP/xl/ueKg/fij3zxe,kjurgen16
rbogays17@twitter.com,$2a$04$a5GwG5DL6kAJQc.ccIZhbe5nxjYOfiooL/R2LBno9i5lqGqREuuKa,gcain17
atrustey18@ed.gov,$2a$04$k4ot2J3sYDwyhRzW3EoiNuR5vTXk.EO1V3LPhwYnyWZbIc/jaQDfW,dyokley18
asandcraft19@toplist.cz,$2a$04$i//MWTbSKVnYz2yavNAW3u5b3gvRmBA7Sm9.eaayR0mpPqqOBcrBa,jyushankin19
hsurgeoner1a@printfriendly.com,$2a$04$jTH4QuvwFgYwkc3Y1dUBlOKvm1OSbbrQIw1471thm3ucVxO9tz1ZG,abeachamp1a
kgrigorushkin1b@bandcamp.com,$2a$04$mORkmhO.53HITwxdByeOYuLxCiQk/7JWILdtDhYRePMpJ85dNEV92,ccawthera1b
hrickaby1c@loc.gov,$2a$04$/KBB.DMBdcwOVgEfL62iNufsAW6QrBKs7Y40DdkHlqyvJL1s8OHZG,mblackston1c
telce1d@hatena.ne.jp,$2a$04$LnAan35M9T2e1Gti9iqmt.9g7HMGvz.wgnjTpxzzBXbO94B27mu0S,medworthie1d
pdangeli1e@google.co.jp,$2a$04$H06k.UTst3Dijk4JzBzrxOx4LzHFlPRUp5wHSbQRLFsE5sAGuL2rK,ulettice1e
rbramich1f@cbsnews.com,$2a$04$PtYiDkl6TYfx6ad72mHGaeRzPb09d/U4zJGaeZM5NltWMP.0X/ury,sambrosoli1f
mbrumfitt1g@arizona.edu,$2a$04$SHUGhPwK4d4iavizG2g4KuPRNsn6UOU7KIGAOYEOHmvZXlTb488Ie,cfargher1g
jmattocks1h@simplemachines.org,$2a$04$W/RQKvhWwkpP7iwixlNl5eiQ2gqJb1VzxNTSe3uqWKnVVdNpRZfh6,mbater1h
fyelding1i@4shared.com,$2a$04$4TsDmD73dT/sNDdMANdYfeoUEZjWU2xIqi8Gga92mnzR.3KOnrWuq,rsiemantel1i
sprobetts1j@rambler.ru,$2a$04$PNMLBIS1W4Zngh6mR1rhAe84gszAfI0.flHQmg01PQr76A/25MW42,akisting1j
cbebbell1k@youtu.be,$2a$04$54IwAnX8N3azew1RugL.teqsdKrwiAPSXGWDR235LJQwfkHRn5l1q,jravenshear1k
bgorst1l@sogou.com,$2a$04$gFRvWQjA8p2NcWODttuodOYbDh7ahZEtNTIZhdVC8PQ5hSjDZPoDW,dlindsell1l
kverrill1m@hostgator.com,$2a$04$Ca.etUjRX.D7Y7Q9j7uZ2.c/OkqAXGEx/bLbsEQDTpX/q6QNIN6R2,estallan1m
oikins1n@usnews.com,$2a$04$3rjExlmyrLPlDUyGVJGIb.8sOblZn17eK6ztJeMrjBCBFX6YhANnq,shuxham1n
agoldsmith1o@latimes.com,$2a$04$DNeawp1kYcvRLsacLu.6E.kLqJAGGUoggtMBF2ksMXAX0iZS7R6tK,manslow1o
rsimenet1p@youtu.be,$2a$04$mLof31exoYZj2VyLam98KOq8S9mdpSSxUM0yCYFM3/F2T1Y.lDBAe,cmarrow1p
vnovotne1q@dailymail.co.uk,$2a$04$j15zB8f/kypPtbm2x4.buuUwEtX/wNphDTvj7a5cvSuYcSQzvjqBe,aarr1q
fwithringten1r@mapquest.com,$2a$04$CGMmWvuBpkqEPCFsqulKuOr6w57B4kEmb8n0wbFzdtpM7De4GCDwa,xorafferty1r
etaree1s@liveinternet.ru,$2a$04$ypm7ueEWhay/6yryNBBZ4.7d8y.9HZLDJj0Sfo.D6gq85z5YC7Pnq,mtarpey1s
lmaccourt1t@squarespace.com,$2a$04$dK68vu/Bo/79npXG977b6Op2hlMhsTwTYs7ThRF5HrV4KHyvHEyWy,igero1t
ctrudgion1u@dmoz.org,$2a$04$CdA1Il59eoLwafO5s0lpXurht9lVIqskvu2mefmoLBIs0dT3ojvaG,aboules1u
breay1v@mapy.cz,$2a$04$iXKipF67bG6huqYWv2QEoumhX.ktZS3muFamDjK6g.Al.y2ph6I7m,mjanovsky1v
nchallin1w@huffingtonpost.com,$2a$04$c3kxRBkvWK/Lij/3p8r6dO0MhWLytf9VkcRTmj1P/3fhifawTNs9m,abusch1w
osouthward1x@mozilla.org,$2a$04$kjT.etCI6Qu3Dzm6RY4qRuSLeIlX37TRiCvovFg2XRxkYzegVVQwe,cireland1x
rwoodrooffe1y@vimeo.com,$2a$04$6RB6bzzUd1AwAzMTA6lUwe/FnSfI8AVguN0I6ZmCa4W7sFI3LI.UW,ghudd1y
ceddisforth1z@omniture.com,$2a$04$lfmU38wCaY9J2RrcBGEHZ.j8/.em6EFPmmTVnKZ0Drgg231DK.Hzi,bjochanany1z
adoumenc20@omniture.com,$2a$04$lM/EXBZ5zfBQjx.c6ce0ru8o0D4pxOUG010LkOOBw74jbXhNHVLTC,trawkesby20
cbeteriss21@adobe.com,$2a$04$wJE2IJnOywu9AUdGx6cxXeTp3KgYuPyOzUTCx/QX6FjNBu.zDH7Aa,scrippill21
mgault22@google.com,$2a$04$njkht6SEfUtaUQDrTeATOeaxWtaVINo1oFOzCYGJl0aDXBjE7E8Gi,bpountain22
kmcomish23@webs.com,$2a$04$ghC24mLnmFNSMW85QiHOpedxT401TITyyK8Au0bXcn40StLzpwzNm,gjohansen23
rwinspire24@comsenz.com,$2a$04$jeTpgNY/E6C0Fjbc6UL4..Z0qDsx4YET6F3Xcgo0l0fAH6ARhMlsS,aemmot24
sidle25@mayoclinic.com,$2a$04$xDkt2hNlh5oowowroAG.Su6gDKNCTvM9XpCPTvioNljxVLm57olYy,acastro25
glindl26@uiuc.edu,$2a$04$4UBx.nwCBQZQHiYKOJEcRukz8E6IZ9ZbnOJ1KdV0L86dTDyo7LbUm,lbartozzi26
tgooderick27@gmpg.org,$2a$04$k1pEDhFkeGK1ITpa.nXCa.2cMORJtH410qI9znxvIoX.nXMjySDMq,uossulton27
ggregoraci28@seesaa.net,$2a$04$jy9d55OOvLSOaQHvLiaUaeOadtRivIDfgfPDgtwfe53tNMpQUbzZ.,fjunkison28
wadcocks29@toplist.cz,$2a$04$L1ZIBwONnIPNRZs40Z0ah..1A7sQvdYbnmMe28Zde6DpM9hTYR3lK,vtheunissen29
lgionettitti2a@dagondesign.com,$2a$04$SBzJeFhFydcC.NsoBfi9p.UD8vq631P0dos8PpsOFzbU8mM2DOmYm,lholttom2a
abucky2b@clickbank.net,$2a$04$ityghSeW65ovVUItUw4YjeQCmFjXRXGBT2Jw6qb1x7lymqagAfWIK,sthake2b
ihawk2c@tinyurl.com,$2a$04$4Aq2XFslaCz9UL8Y89Hd9.cjFJ09N/bLTkgckQxqXcAh.sZ9qPa5G,bwakerley2c
tnewstead2d@mediafire.com,$2a$04$Jt/FUcbKsTyw3VbR3ssElOdGYnK6J.U62xYekKXLJfp3RgLD7892e,cashmole2d
sbahls2e@biglobe.ne.jp,$2a$04$xcc2cp8cYGTBVvHMLIfGZeP/f8mYFEIIVknK0VkRppWJbOEzODMSO,cbeaufoy2e
fecles2f@npr.org,$2a$04$qjDxxgFWS3RjmDCDdtnzH.GnIj0R5lZOY9nnNA1i2BUASltbFL4K6,avallance2f
blakenton2g@theglobeandmail.com,$2a$04$gdY07GOzuTjbLCAlQqOjF.1LEKCq/COAaYFERGFdF2PrR1alodUHq,abugbird2g
kturfes2h@woothemes.com,$2a$04$UYFB9bIyCEw8YwU0plOqq.hseO8CxRM/oVh8q5Ds.7sjT7fE/H6L2,dglencross2h
jtrayford2i@blogtalkradio.com,$2a$04$bE1jsXmpVPReaVeGHFrVme.IsnTiffj37YJwIycwcAHB7OUhtvlES,lesberger2i
schessel2j@nasa.gov,$2a$04$gdqxHqWSoCwlEs5.B/tIV.02g8Cdd04eh/MpivDdj7i3VxL2ZUZ2i,dsturton2j
jmacharg2k@toplist.cz,$2a$04$hZJ8gLrEJzx36bkux132ouy2Dm9V..BENxmVKa30ga9O9Yw/hbmnu,lagdahl2k
ascola2l@sun.com,$2a$04$Kd/ER26CpPTcklulTa8mset4OHKCqRM3.WBDfA1fPrPyBcEfeHUhG,tmelbert2l
bmeech2m@opera.com,$2a$04$mkPzurvHiHS4l0oduKR87uFhWtu4Tj3NYWmILUtoaQ70FgPXYHUey,cgribble2m
gjorry2n@techcrunch.com,$2a$04$9VYebKEMC/pO0kKSkQE/j.G5QhUdIIi8VDAmUBr3.eF9VzgoOlpLi,kconman2n
rmacneice2o@sciencedaily.com,$2a$04$KATPQc/UOzk.kscEpWjKPeFHqbZeYZ2jLvnDEgBKCHcAkt.t.EdWC,rollcott2o
cembery2p@merriam-webster.com,$2a$04$4DGBkQXgq3vIE6xXQI/7aedYe23lDUt2Ykm5bQRTWZeFG8XZ8hSni,grobbel2p
tduckit2q@storify.com,$2a$04$c144Oj9R.LfTe9N7glyqIeLGaG0HcmAF/48hfCuPWNN69dUCA0gDC,lcobbledick2q
ebodesson2r@surveymonkey.com,$2a$04$yVYlVJK756so/mqJ5PUhLORO2Z8urWzgWJyxWwK8xVG8aCF3oTaMy,esharpley2r
pbethell2s@zdnet.com,$2a$04$hgAe3a6BjAm3v8zfj/rkc.UnyCtraPsQQFPvoSCHIogGu9EjVFQwi,vosorio2s
hvedntyev2t@yellowbook.com,$2a$04$i2DT228usfFLAljad6LfzeAUpBuTpnmmHz0Z2gJBw.p76C17pPdte,ifannon2t
kcortez2u@oakley.com,$2a$04$hc9XB4b3fbsOse1R7CG9n.OrpcWACEmVbTv0HEtmQXAGlYf4Dp2XG,eprazor2u
mlathan2v@chron.com,$2a$04$ioBzGWbvVmTsrLh7I2zwe.p0dJZmx1JOiV6onaVy3juws3GzHlAqG,abulled2v
gcamfield2w@tiny.cc,$2a$04$D4NW2ByrRToZIFdjEqflL.y4SaorV2KnyUV7JtWlkR27pgovmQeCK,kcreyke2w
ccheston2x@army.mil,$2a$04$8jNsjS6Mcrq4BfwuA8AJ0u6oMTvXmso7bMkaiO6GXcCZMdQWbqPFG,pdobbin2x
cpowter2y@adobe.com,$2a$04$IQVIIU9Q0TTXIQN3yZbEr.xdOWw3uAvVkKmUuReTkTAMPXXrquKBa,mvolks2y
wpaddemore2z@addtoany.com,$2a$04$.mXpLcBBlEoMZWmeWx8Wue1oU3e1kMdQHiatQa7YitLYkiGJsvTiC,dakred2z
lmoens30@godaddy.com,$2a$04$FwZypCmf1l1d3lPP3ZDVBukgWTzRzlv3qCldg2rAzGFtQtIpC.HGi,nditchett30
aboyett31@hugedomains.com,$2a$04$CkpCsufvG03FFzzNix47/uxV4xJ5m7OfkMFl0ZB1zXSf3l5EAhoeO,astoll31
sjoney32@dot.gov,$2a$04$dDrilFSt7XQdsTnb1mibR.JpFBUvBBbFYDO7YpAA24mGe4q1yOjmu,bthomesson32
gelsworth33@ucsd.edu,$2a$04$I123ONW4awqlClfMYDDiv.9xzD6VATVZgDubgnzomdquCu6zTkN5m,kbrownstein33
mwaddy34@shareasale.com,$2a$04$NugE/b6Bc4kGMS5IWVW2COcq9tlT2cm96OJ.63a8ecw6RIOcoVBGO,gvangiffen34
tselesnick35@creativecommons.org,$2a$04$9.WNE/wQimkLQ8eAC7.tcubb7b6/YARXEVS2/L8YcixerNfqoxUX2,balessandrelli35
lgreneham36@mozilla.org,$2a$04$npf5VMB1eQ429mXt/hihLeQs3.wTTNSVwIq0j.xzEV7T9lISHAqv.,vsturdy36
dcheater37@typepad.com,$2a$04$FpJmjo3qdygngpvGOkTFiuKwlD.Ew5sBjusExqtlG5eFFz46RP4nq,ccadman37
lhucke38@printfriendly.com,$2a$04$1qfV4neJXuTbqnpKQyOjpeWVvUiWEAjD2eWvID7MJOTgo1KS1uQ8m,sturfus38
ehierro39@friendfeed.com,$2a$04$aoGc4trkKK5ImWHT8HGp6.eoyO3maIWAn627iIyj4508dOfCYPcLi,ckock39
mpilbury3a@tiny.cc,$2a$04$/jlQfXRGTiCC3cYyTz/B3.kBhTGlkYKYpnmrT2xSLa3fgmgzkpC7e,brouth3a
sslimming3b@sohu.com,$2a$04$NahAiEgsgM2Uk8R8xQzby.pzsoNhhbg8gH4UK3xhAoMYHyWlU/q7q,wsergeaunt3b
gmcleman3c@foxnews.com,$2a$04$cZAG2j.wdvmCjkcx3TRgk.nQdsCjeFuSyHPnM23.ZSjckdj.jDzuG,ecommins3c
bgillogley3d@harvard.edu,$2a$04$WPCvdmfV1nCW8JVt47GIZuONhAZXvMvIpyi6urKX01HquSUL7YBp.,cknotte3d
imccurtain3e@friendfeed.com,$2a$04$U.W/EjxUWHqo3Ueo5JIz/.juxlDCXSNSMtNtkUwRasMXtJyGR.udK,jleddie3e
rjeandot3f@tripadvisor.com,$2a$04$FlFmGniON39xyAQSHY0NRuF1WaVzQ0LGquxiIvUXUuoPaYyd0K4aS,fhuckfield3f
gpallister3g@hexun.com,$2a$04$Cwbr7wZcoZd6xoroUu9LCuYvACSvk.UegTgIEFVYSxiHHMn1Nu9sK,dmacconneely3g
pshackel3h@163.com,$2a$04$7.lvsdtES4DShycy95slbuBOzZX8BjrA7dLNvXx8Mad/mR.E6ksuu,psaveall3h
ttartt3i@dmoz.org,$2a$04$XmXCo4qFvo92ywWVf/fxYem8kHx920Lmi5M5jDvbK51dMrgYbuWIG,fbutchers3i
dmaylam3j@artisteer.com,$2a$04$hCRcJ9nc422ynqAH9OUrouYa5ZILEcM4e8mhqlVdjzjypuf8vAwJy,oelesander3j
movize3k@sfgate.com,$2a$04$KJGgoqukTU.BwOCyZeoQHeRlvyGIq9eQ.cDm1Sg9KEIY3vpPO33Ju,achard3k
eflieg3l@webnode.com,$2a$04$OgQgAt2fYeSxgG5UEsh33OSoiKxno4/V/5XCOuEQax1sCgqIBbI52,sblewett3l
achilderhouse3m@bbc.co.uk,$2a$04$onsygoPV1XQCXDKxRkQNC.OfdRJ/kx66QwdKA2DbXq56fNXruUgfq,rdericot3m
eepps3n@ameblo.jp,$2a$04$7xggQaMvMzwNgqsopwfSb.uclQN8aBIa1Kq0jIZds5K68Vpnv2GKK,dvispo3n
tvarley3o@seesaa.net,$2a$04$/CS70GmKBUGNdf9p8EP5uuEdD.Z8U/l7PgQIcftkysoYalT21.6jW,nlillico3o
obale3p@etsy.com,$2a$04$3HvTAOCJ9FEK2oxRIXB9ROwVfkTO1jGaIBeQ/DZsP4ehof/GenPLS,dbennoe3p
snairn3q@pagesperso-orange.fr,$2a$04$dNTuczGV/F7sij2w0gBnJetvxSuDcpqEJmjS0nZ4xZ5JcMlw0wn6O,castle3q
hiveagh3r@harvard.edu,$2a$04$zENxqKP91MOcnKWXEbLBsevhynr.MJhHPPya5nRjkX9En8e8XJ4He,fseabridge3r
eghilks3s@npr.org,$2a$04$zQrXiCzGwOy6Q6VuIS9TVOVOJu/x9iqGJd643/TZBLv8w38LLsWU6,pberends3s
npikhno3t@photobucket.com,$2a$04$33ZUuE0bPOfxT6Q/k7LokOgYA.VHGbPrlP.aCbY30nigkKUc6Y/ZW,mwheater3t
kridsdell3u@dailymotion.com,$2a$04$rAmwSUJ4xnqN.RPidZUipOi.zB2S.TulXn8L7APKgKWhcTb3dq6ka,rhoff3u
sdarthe3v@nhs.uk,$2a$04$Llw.5VEBILn9mkEk/9xbp.6XBIuADL5B4hYt5T2W11bt5Q3cSzOcy,ceveriss3v
kbambra3w@patch.com,$2a$04$loRK4pCHqZ7iB2AkVLCLU.T8MEiCggDeBk.Fi5LSIgVLd95xDMfxa,edockreay3w
lfrancie3x@sciencedirect.com,$2a$04$Mi1FJ52U5rjFe7GCgMp8hOKRIvCwNhfjg/KP08ANt9WvuZ4rxziZG,jshirrell3x
eskuse3y@umn.edu,$2a$04$.qM8u23D0cQ3rrsz7h4pzeP1giCNml3bY5DOgK9qJW34CoD9X01eG,cgunther3y
dtinkler3z@amazon.de,$2a$04$g4ADPcadhYgvn2doCcYnYOVOGQL3l67bxy4jjGn40WbzMNGBa6rvC,mthewlis3z
lrodgers40@answers.com,$2a$04$ilYhVXottsY8lqmnE67g/uQWXwitWHS6ODKLHVTs5su4iZqE4g1Vi,elenthall40
kwhorf41@amazon.co.jp,$2a$04$9ds2zPCsjyuQEV40RNRYWeFu0iBdrIPGRiHp5DO5tscMqf7CT/VVa,wfarherty41
amcgoon42@statcounter.com,$2a$04$.uBJ5sv066HzavfbcAHUf.yG24KcJkrdxH5waGyZKFnMlOrh9jXOy,fwhybrow42
chaitlie43@blogspot.com,$2a$04$/KtPrrsAbIP.rdPdlVkeVeo0rQ0lq7p6BnPms8Oyifz2hApeuUa/u,mmackenney43
kcrownshaw44@weebly.com,$2a$04$3xDancPBoQQW4YYN2ymj5O7iUlMUrfLn7tTiUCljjT4N318Vxn092,dgleeton44
tpiers45@hugedomains.com,$2a$04$M3Dw6AE3Q1.sC3bPMDyjruiZ37xTjmhGsrFb5aKQXkuDM9VV70u3e,othumann45
roxer46@yolasite.com,$2a$04$ysvhJ4OdeSVvqv9BlUNd4.YFPZn18eheN7Z92wWk8l/U9th9uISIW,ndewfall46
ishulver47@nba.com,$2a$04$AFMoY0NXqqFi6WCUZ7AVK.i6tTTo9u.cDVEPUGl6Fb2tpOJoufGqO,rhutson47
nshapland48@buzzfeed.com,$2a$04$ie6/YBP.5k2GUd53y4yby.0BF8LE5gpHPSuJynxPX/VAX44ceDT3C,eglison48
echadney49@homestead.com,$2a$04$pi7Pau.VdKsj2odAZhzI..9ze1r7moSFSP90vhD10CVSS/hgRhuo.,hmalmar49
bmckeggie4a@va.gov,$2a$04$SOjMBuUn1iUD35PWZ08WxuQ8CtxF8OG0KEfzTZcILXFu5hpz/CX1y,kblewitt4a
ddigweed4b@pagesperso-orange.fr,$2a$04$P6nmtd1Ck3108uqO8Py0/.FWM8g7p91soqddfQDxy/.56BsVLW0mC,cwestcott4b
mbracknell4c@irs.gov,$2a$04$P4P8MPcvTXyisebFgOh4GelmiBOcjK0epPRAOhTUtKvMyIIdYrZGS,eperrott4c
ipattle4d@vk.com,$2a$04$oisSPp.dql7fkOENKCufSuBMFFdAGmdaVcu5uWERVT3ddFCFmVi3y,lwildber4d
cludgrove4e@wisc.edu,$2a$04$rx/72BYX2hTvajcyku41S.0sCgt1UJy/JN9Nj9etvgWZOAGWdwPTK,chyde4e
fmansion4f@google.com,$2a$04$Fes9DTSsIcgauEHAxD78du/cBvjULIGFAB0Ftd6jDYvfcE.ivmi4O,rwater4f
awratten4g@google.com.au,$2a$04$MTgG/0V8mW4CYzqj8ztmg.tT418cGFV02lFy172PgOdAvHEu/XvRy,sbilsland4g
mbuey4h@google.cn,$2a$04$5voDqKsaoup57qbE5AhAH.p9BkUe7tAhKFbXCfTlKq5pa5L6tCqcq,aaizic4h
rmariner4i@issuu.com,$2a$04$a.J/UhZMsV28cqzDZDPzxueb2ljU.EP3mAov9a56xllfP8RSVTyra,mboast4i
dhenrys4j@amazonaws.com,$2a$04$dMt.jc.cBIWDzQfoYRO7H.ct4V1hXxy9AyZN93SUnZJxLFYCNFGv6,gwaddam4j
acomley4k@amazon.de,$2a$04$A8UVGCTEOtjJu2GdSpv3JOIGAPV28sF21NES2jMAqW1dIKC/fA6ie,rheaton4k
lbrambill4l@timesonline.co.uk,$2a$04$BG410EaTH/Fq5r52cgsJWuq9UQ29y/4jB2jgcsGU1sZ.jmwdIQQtK,bpetru4l
dpanchin4m@cisco.com,$2a$04$ON1sIHffZkGZ64gcHFXsNenOP3yLclPi9JqaChY0freDmARnnnlLG,spoel4m
nshellibeer4n@chron.com,$2a$04$4zlJQALFAKoWLQBQza8mauZ1h2m3SxONW2G6inIhI4ieSPdTMoBhS,ecrossdale4n
jdenk4o@bluehost.com,$2a$04$w12U2Do3IUi5vrkh7vgOLeeqMcOixoDG0XWzdJFGdJNLQeiVVjcaK,hpresser4o
cponde4p@yale.edu,$2a$04$RC5AF3s.10jEuedRz8B7NeIMAyQYrjaqIYBqWojZqyRng9Es3kJsS,mmarkussen4p
tmiche4q@toplist.cz,$2a$04$Sem2C./8WNSshpa0RXDZk.xF.lWXAQ0fji1llQXqOHmBHd27HUJpi,jarunowicz4q
lpilbury4r@ycombinator.com,$2a$04$WMzMCOsz4df9qct1IFK2xuuXUmV5xO0d1gLaqDNuaOJlQTCDYNase,prubinovitsch4r
nwinder4s@usda.gov,$2a$04$fSOhPnz40aKJ4lXdiSFeEe4K9kkGjZSFlEDCKxOR6tRYLPnCKH25K,mdewilde4s
apinn4t@cargocollective.com,$2a$04$PbjA2.IJ59pBs6nT/AjheucVNfP5koV6qfwdWpYZPy/i/LHhwTcRu,rbudibent4t
mbucham4u@newyorker.com,$2a$04$VCuU63f759on/d4BAaRNkux0NhW5dvX5cmW/Xz1IyeEpLBuq9qreW,mbletso4u
prubenfeld4v@google.co.jp,$2a$04$7hhF3vaPiwiz0oTpBCn/weezHeoWymh2.NB7jszXc.NdQD4.NUEr2,pmaylin4v
twoodcock4w@facebook.com,$2a$04$CZmh7ZkrLmIRngouoSbuY.Blo1qDrl15FyvNt9zmC4Dzuc36O2MTq,smcpeeters4w
sorcott4x@fc2.com,$2a$04$jJ5wCIpL95rritr3cJh0Hu8jz9BGbHn.C9F84d/07Q5pOOA3lVwf2,ktick4x
vsivess4y@lycos.com,$2a$04$bRbKKPBG5kz2ZoWRNDj66eFLM/3FDynKgoswbt7ikmMrlky.x7Exe,cinnocenti4y
hkneath4z@typepad.com,$2a$04$AdqOtNRZGp6YsJu6nOw1n.tUJtv2ojfoidDqeotTFwmTfcPgTlYIi,socorhane4z
cconford50@sun.com,$2a$04$joegDuobLKa.idKyC.J.DuN989JABPLhJEiKA9LkWUe9XBuXpY0F2,mmcvicar50
dfoat51@si.edu,$2a$04$ZtbBOwwqbZm5HD5M2ygB6uepM4wWJdITRA6OzSvLhud9z0oMDO/Su,lkrier51
greeve52@sourceforge.net,$2a$04$yWK9S821e45juzXtswsMT.ZrpmxRIQi1xwnqb5TkKvSRh2xHOHZay,rwarrilow52
tbollen53@ox.ac.uk,$2a$04$Y0WJxWZT3dt7QmUtfQoA8.qrYnKRPIQckFd7ZTy8ZZeDYNL6rcHye,wgask53
rborrows54@hexun.com,$2a$04$rhqiVDd5EZ0o5F31/i5/L.xvWewxfJzMNZWmcZShM6tHsD3eMphmi,dchiplen54
econroy55@canalblog.com,$2a$04$Yxys3W5zzHsbH7CgSaLyYeaTKiUXMchxxfU8mLVSUABfi/PkCFnIK,anare55
bslowey56@oakley.com,$2a$04$CiCfI6l/ifLtr7n7d.8hu.1w9BAJipYEzLG7LDh/2270PuEs3P286,wmusterd56
gfilipputti57@fema.gov,$2a$04$7N3j0uZx4Q8ByMgtQhApouGuFvG.zwb7S..CYEEyf3TKHLhs6uwMu,ejordeson57
gzumfelde58@angelfire.com,$2a$04$I3UBZ0f5nXiwvKcd6/icWe4wq8MvdRKL6kMFeFG7oL9MYlHDqk.ni,tpriddey58
crheubottom59@infoseek.co.jp,$2a$04$1gk.arxtnoGEkOVSWPFFe.ChVWWmJ8Q5xQ0E4oVV.JekwR09WWZVW,pizzard59
aspadazzi5a@artisteer.com,$2a$04$9A9mLs2wHQcet10WIV3alep5JUzCkku2aGnR.1gnglO2hWl2gA2qG,kimmins5a
aeates5b@webnode.com,$2a$04$2XCvrldFVlLCEZ/ID541AOTAgV3k/gfAR5E3Ng.HwOSTIbRQV/2MO,cprout5b
cswafield5c@paypal.com,$2a$04$owq7xEhlmwDPmdnBFA/l/e0Qp5PjGcSAv5ZGya5ZSr17RrKjg3n5i,ckisby5c
kwadhams5d@baidu.com,$2a$04$mawLoxB4qW/EZAhXJrGWUO1HYyrZ16nI4Q6xXIvciSUdyxsEZti62,flooby5d
apennicard5e@hao123.com,$2a$04$Ygeqzyh.VPEAR22cbR3cvu3wyMAZedFzqA2yI029Vda1UoT7VvALK,bdasent5e
agianelli5f@mysql.com,$2a$04$pi6MgugZCm.BaTlUWR1YnezIF8YbsJp.teDIGY1WTGv8YucDgWo4e,evasyukhichev5f
gfaers5g@tiny.cc,$2a$04$2bXC95PgiRT6QCxQC0MepOCVkTAUSMbJmnsyEgIz//elgUeYVwYLC,lsandell5g
kallworthy5h@sciencedaily.com,$2a$04$DRHIET6F2NcPfxODo1AEL.gYFgtbVpNKuG4wtCD67F6rxC73LXo2S,btraske5h
bcouth5i@eepurl.com,$2a$04$Lf95W/qH3tcuu2/niBZJTeQYMSf/sX2prT/wLljE3fQLljF4TPvAO,jblay5i
rdickson5j@1und1.de,$2a$04$O9eZQHbcrbRK5HyoYfbQAOAT/HsGvYvk13ERYm82KytSAD4TivruW,meyers5j
eboyford5k@ibm.com,$2a$04$P3g29EyoBnaCNmX6DHZ5S.BJTWYbbiDdrXQ/qrfzti/Eq3JOAfZaS,cbainton5k
vshemilt5l@e-recht24.de,$2a$04$QxMVe7nYFEn6fN9J6XeMkOm7Qsb9CJYWg2kaqiDbaRhzjRI8HE.dq,kenstone5l
jdemetr5m@blogtalkradio.com,$2a$04$YJXjHU1lvIrGVBpVjrb6Kutve5kTZtQAA90rF0g2IW/VnK9xPTAAS,owilloughby5m
rbyne5n@opensource.org,$2a$04$Svi3QWczOMopoes0vj17NuAesjolO1hMlM8g/T5oA66kspQNE7/hq,mbortoluzzi5n
nspiby5o@canalblog.com,$2a$04$des2XsN8SK4FUtVN5k7YMe8bbg497.rya.uqv32HG03w3JWDAx7OG,pslaten5o
smarconi5p@pen.io,$2a$04$VCxqK7Y7m5se3Wvg9ZWBx.WGuWvXCUmbz83gEKMxnekpQT8qGKBCm,hkitteringham5p
lnutley5q@ebay.com,$2a$04$qA.8/0lMLIiFCpcZHMBAH.Ix7Vy9rM0BftSn45PEs3kqRtW7.y6M2,tdruery5q
tlamming5r@comsenz.com,$2a$04$FCvNFAC5qOxBoVqCqdimOeAr94BCsuu/0X1PixqQyq8HDW6z1I1gS,mlaminman5r
jolyhane5s@blog.com,$2a$04$oNrCDT1wZerRRfU4.2Iw7ONh8PePSt8W.JzpXDukuYSSZ9XINQaXq,dslainey5s
menriquez5t@berkeley.edu,$2a$04$vYs65aqNsnOB64GQjFbKheyPbtuPCouDU1RAHIEYP7MYkf8gHY2i.,gsoughton5t
phedden5u@google.nl,$2a$04$yJY7P6rwonjQI8sca7yd4eNsedQQFWME6ziVfxSteyAOLm6ZScLmS,aloveday5u
dgarrett5v@utexas.edu,$2a$04$PKDCrvffioD6Y8Hf/BZw1.p3pE.EKDbljCxBJxsasopqstT5Mqfxy,cjaze5v
gdaish5w@1688.com,$2a$04$.b01D1De10WvfxfR9PYBtelXGl6cL/EGB8YHm9KNr6ZQ9dRyj0fqu,tketteman5w
codegaard5x@jalbum.net,$2a$04$zvZrNydYcj7Vp5yoK9dXGeBuUtHNyCtBOL6a2VY1BDugCA6Wwi42a,mniess5x
mgoalley5y@mit.edu,$2a$04$On0TqclX5BEN8vPbKO2.2uElTn3mk1mjENT9mPzpc3NXRrL1imFLO,sprujean5y
lspurrier5z@gravatar.com,$2a$04$bwy4HCWGkSAkcFb.LXK4PeJ7juLPmaui/hx8Vhq9PJIH74EndlDQK,kaysh5z
fakaster60@tinyurl.com,$2a$04$dpfDqwW5QT8FtZALqaHtRuVPbyuzUX.54WcA.Ts3XqscwVZHuZPhu,lmcarthur60
bmaypole61@webs.com,$2a$04$ZsKKK.Xi.z6p7jtbCq./..uG/eb1NlhQhcHYwSgQDRV8hZ09CEVbW,cloalday61
jhugonet62@blogs.com,$2a$04$Qxh3327kq/HA557mgbF1fuw6pcV1R.U.PBPsrE8CbqaaAASd3jdP.,snornasell62
kgarlicke63@washingtonpost.com,$2a$04$VEx8GKwAH1dcWPkKOuA6MeOwQNAb6l1T8eRc8gTP7JgA1jCVf.Qtu,lwaugh63
efairbourn64@newyorker.com,$2a$04$7Ipi/9wHiS/uxc9dsEy6zeZ7j1bWhSIw8Ldq18cVDsPiUdyi.wYfa,gblevin64
cdelf65@amazon.com,$2a$04$dMxjvJTCplPnAX.xtmr5Q.jdD3MAELEprRmr3E9YEaKb2Ecq4FaQ2,bkivell65
eprandini66@rediff.com,$2a$04$y1fZaNPx/pK01hVwPvsl.eRpdxecpRWPgisH2I5l64MZx0k9EOone,lphelip66
lclemo67@exblog.jp,$2a$04$Q6QF35oPukiYGehLSXdALe/jVQWei3Drz6qsXJhN14TQTd/OxdM/S,kdundendale67
loutridge68@sina.com.cn,$2a$04$oEgGLv3S6BQAlkrNkvvoxeEs70gRs91SS7yIXvS80a0hyj5PRLXvy,bkeigher68
cgrewe69@issuu.com,$2a$04$4PWq0rCSIQPf7o/7isK/DeY1bGLeOdvFr9fR9ezPlv4EMMZ.WkNOi,mibbison69
wbruff6a@fda.gov,$2a$04$7pxOrpSerUoxf5rD9sRsWOfFWT6mrBkgZjqSL6pyuzmfrlSdjt/F.,dcaunt6a
aoshirine6b@cloudflare.com,$2a$04$3.ubzAGC8fO5HDRb8DRUGu3d7EGyccX6Y2MzsmX90xSeL61Z3.lb2,sdomini6b
vmintram6c@google.cn,$2a$04$uKgbd.1LtRFOP3gFmylkO.OTTC8iKykSdhy7IvDy7uhSE42f.zR8C,dwalles6c
kpaish6d@ustream.tv,$2a$04$hgecsG9U/WCU0lPWB/m3z.1i9m2qZ1eh.Ft0WpnMRrnMS9BGMRCuG,wtromans6d
dthomann6e@stumbleupon.com,$2a$04$GauiWP7OuAZaLLCYLaFbXOxfXyyHWnmB5pkOowQqYFYPZUKrJptfm,dkopisch6e
tyashaev6f@multiply.com,$2a$04$D9clJlTpEaE9CmIS20DVau4W1k6uJMOcKoCmmNSlUeTD/wD8TwpMC,sjosefson6f
iscales6g@jalbum.net,$2a$04$Maw5xl09FseGLb9hK7Nz9.v2dDWzdl.ICF1GT/BR2HeYDPPc.Spze,aaudley6g
dcoxon6h@surveymonkey.com,$2a$04$GncHlFUjtWM1kzAgMnaZuOfkJGHk5861EjbrMqxnIiyLD6XKHSFl6,ssuett6h
mcorless6i@tmall.com,$2a$04$FRhyee7i4lRipXBy0gvQYutILCa6xpXJxGCrudq2LalyqpMXN6Fqi,athorrington6i
msiemens6j@istockphoto.com,$2a$04$o4QuF9M/aL3di1AdLvu2heh63K7L37z26oNIb1xa8UpBfJ1jhpbeC,aquantrill6j
mmatterface6k@paginegialle.it,$2a$04$uZlaW6furWW.QUC2gxIPMOuJ6wildobreq1kk9Cgd1m17KnttXRKO,mferraraccio6k
glindenstrauss6l@twitter.com,$2a$04$Rw5Z1Ea.43OFTAIE7joiAOHLfw8w9if7Mk.24J/3GoQZHZcZORvx6,bgiurio6l
soakwood6m@craigslist.org,$2a$04$u2EVd79nAdPvL1xnelaC2.3qGx9RJfv2rrDRKsjlepqb.bL.t6x.6,tjacmard6m
ffoat6n@toplist.cz,$2a$04$2C53vp4glwQPRh6eUG0IwOD66.MQNxOWeAYw.J2t3xECfQX6IhT1K,gmates6n
amellodey6o@omniture.com,$2a$04$qpvsaMLi32Nw2kQi3Xv0O.dOxJYjEvrzIjlGvYugRC28IrWIT9CcC,dparncutt6o
wstow6p@umn.edu,$2a$04$8UsNn5Mw2gjMhYuEfVlElOIXxvpmO.2NqsH2qc/lMwHwwzDNhr0Ea,jpruce6p
fscramage6q@ask.com,$2a$04$fomO.fQDoHoIJRcg/1DKi.h2Bp6/CcQrXWyXtFxTBItXO11G9fTDy,lstonary6q
jcansdell6r@cdc.gov,$2a$04$xn3JTVFjHyDQQW1qPRSUDe6JK8b.lLnZE2smNJ4uNKwcsaNL.HgyC,hgaynes6r
mrouff6s@reverbnation.com,$2a$04$A.8Iv6e8ucVHnlek2g5s5uNRv0N9n/zNq8ihz9g6VFt9yA4so8/xe,bwigsell6s
kchree6t@economist.com,$2a$04$jnALiA5DLjAuhYkfaG0ERO2T6p1CnJhx5g76SZTMZlwj5VmXLULu.,ncressey6t
mnitto6u@mayoclinic.com,$2a$04$yIAV8RIYwixs5A5f2z0ruOAtjE5KcjXNfJlLP5lugVWqD94OiSoka,tmalarkey6u
jchavez6v@washington.edu,$2a$04$m7rfFwlr/jIvgBHDTlOn2uns29M.W/dP0ET3peHJG9J8TE9uOm80G,equeree6v
wgarvill6w@reddit.com,$2a$04$NT5cSrD1Cx1B2B5xhV0E1.HD6Konx7Ij6wx8XikA43ZfRc2KnNXnW,galenichicov6w
gpepis6x@unc.edu,$2a$04$ByXJBfTjmgaFNHh6j1HRYudH0iOtnlnnAInBsp2yEpA8HHdxwObXe,ckulic6x
adunbobbin6y@de.vu,$2a$04$lwtf5QEaaxIfp/orYowveeqgiq3Z2PxzqpqUb5kxIiCpyeCHF9RIi,mbarlie6y
xtonner6z@cafepress.com,$2a$04$VdZCeGpS1TvKar1ky/oznO54JOyO1pkJTqfuAmQIx9rDHgK0C4Una,nweightman6z
gscarrisbrick70@toplist.cz,$2a$04$WX3t1nxE9ZCB8i99jXUb.eENRfMfFx5/StlluDoAjXLwexLEILOz.,askatcher70
ahellwing71@purevolume.com,$2a$04$pLdoHsidGfZX5QBcjOZKP.E1azng6iQO.NDMnzSeyKki3GcbRcQcS,cmitro71
kdensun72@wikimedia.org,$2a$04$x.CrRVzRn2g804mdWTiA8Oe9t60c8CTEpsDJBy514DNQ0rgLbKf1G,bgegay72
mwalshe73@auda.org.au,$2a$04$HD/z3BfFX8pcWIxSH4DF4uRbB/RcqhogVhFxA/Oe7sh/iwNOmtb4.,tlautie73
osmallwood74@soundcloud.com,$2a$04$0krr40WvfR.FxFpdXbTxQOow99C5UsBINu2QidRQzDIwISLFasD.m,cjimenez74
mhackley75@apache.org,$2a$04$mZsvE.X8TGkhr9gWykwqSu2epoCmpr9M8.oZucDvpVg.86oyZfN0u,vjaksic75
grozzell76@stumbleupon.com,$2a$04$J8x94XyjWDs/0sQYpxU7LOI/rCix2yQIULqXTwbbOan/tb3x9tbui,slidierth76
pleggott77@cbc.ca,$2a$04$TFIk3xoiapOP46k5gOBQeuv69azKiZQl2pMG5JATBSRU2Os1GzIYC,aboxen77
callabush78@stumbleupon.com,$2a$04$uoiYF630hHmmjXB5KDx/..9Ky7W4EgMHffYhEp4DjS7S3Vivoxr2K,feykel78
bpalethorpe79@reverbnation.com,$2a$04$yHEPmXXQAvFxthhDjhmH6.kQovIc671ajvkM7Ep3WLjFi8n.lxsPm,tairlie79
dcrofts7a@de.vu,$2a$04$BAgRjLlDPJHANJ0jwfJUp.Ecq68ymyHYax754bVEruIEfDm4xMtQ6,spoe7a
sgooderick7b@mediafire.com,$2a$04$cnwu2JwA2.MGdLVfh5hRFO/IaLIn0bMXuEghUkEV7FD7RA2I3lwLi,aburnside7b
ksedworth7c@usgs.gov,$2a$04$52q/VJqTs8cO.Y1u0cxI/eorqBAQhx1b315KHZq.Fd9yYD6xjEUD6,squartermain7c
mlyven7d@biblegateway.com,$2a$04$mMxPAfMCMHeQUOW2PVP.nelkcq0VP4iEcO.2NJmcsJ7qcefRJQ5I2,rbodocs7d
rstemp7e@moonfruit.com,$2a$04$Iv9FpZxp3cHt1DptQPJLoe/jyu7c8T6K0.8iX20/7SKDHQ2GY9s1K,abrazier7e
lgrimston7f@typepad.com,$2a$04$g9cVezZPEDz6oXm/R65GkesVlERAZDUi4BhCpB2EgIhX5l5IJ9O2i,ekrojn7f
fhalewood7g@bloglovin.com,$2a$04$vJCKUuFAIetx4jNsoWfZtOSIvFLkk5fFCFRgUwlYpuXyYO6fquEHW,lboissier7g
ewatkiss7h@acquirethisname.com,$2a$04$a6ATil20WFfwnjDDqhffE.OROlkZtAaDCJ9aHj8A/75lV5F64wLpi,fmarfield7h
mledwith7i@weebly.com,$2a$04$Z7Tdwg.b0km3WqReTXUm1ufAXUM/RdqPWDlB3/atcSv9dxDnbn7g6,pmaker7i
rsummerskill7j@booking.com,$2a$04$D4n8c.vED.tPvptX9XJOuOe7OlmIXz/uNaLT9Slw4o8qpchnUgWPu,lkew7j
wwaleworke7k@state.tx.us,$2a$04$66wic1Ljl4r1A5UTsfz//.lL2WJMAJOC2Dn5Q//z9Jt4lp2tDnfA.,dgirone7k
mgrotty7l@creativecommons.org,$2a$04$uM06s6n4oLHap06itKycd.diDLDNF5PnI8TnkeOD425cYz0wR2c.i,tabramovici7l
ctregoning7m@i2i.jp,$2a$04$16Z5bBmUSfwyeQzuDNzjIe3qaXFGbIaV2qtPG8l1zTg9h1k18rIkO,vfindlater7m
astallion7n@studiopress.com,$2a$04$UGYZtUYc3a1nEkV3gK7/3OqqkWZRXeuw692NnI7rNXxGB/i2bf9Em,sbeauchamp7n
ndarkins7o@mozilla.org,$2a$04$Bz7cH8nlpISSL9u/m92V/OhOfEgPxuozQNk1hFebAmXTjRe0Vys8G,mmordacai7o
bbridat7p@issuu.com,$2a$04$E8Wq6mROiJ1iZJxl80xzxOPChPjQn5sZIWupmbt3vaSt2cu0TYkx2,gsullly7p
clambirth7q@altervista.org,$2a$04$hzkzsw5yvW5AyQ44xGn0juseIyw/VAwoMvVZh4ioAW2qN4SgwxqK.,hquennell7q
mhulburt7r@yahoo.co.jp,$2a$04$.5DqH0p4EosU8l3vjLCe7.0QDjNqPO.kXEkEtEW1ioT1HRmUpoykS,ffaragher7r
dcraighead7s@google.it,$2a$04$q3V.5iXr7GpMKuF2ue4hAe7c0wHeQT3apwRufCN6IWVbiHMlD4zq6,ischmuhl7s
fworshall7t@vkontakte.ru,$2a$04$lr7ASsp9vWhc3W7m42GG4uqdZljwSroLMadVtlxe/EFPco74EqgW2,kmcentee7t
cshearn7u@ucsd.edu,$2a$04$sub9QPnER55ebzxDBwELJ.y5s5VktJ1ZnaLIbSL7dTal1ThkuNoE6,jwanless7u
mfirman7v@dedecms.com,$2a$04$RvlCEJOk69eBSzvqvKYuzuCTWlS11TInin8/1fjUoaDvDsJG0I5ci,ereadmire7v
bpennoni7w@facebook.com,$2a$04$0VXSyoyMGDKIOJTwbjNU3uYdpTsvspm9JBSfRqEzZDDhEyuzf6QG2,hheavy7w
cmckinstry7x@cbsnews.com,$2a$04$B/9L5iu4WBF/XwsVttH6oevzMuaid2hhuPFqXZvYVUV1FgAU.wExy,jredborn7x
cvyvyan7y@hibu.com,$2a$04$IDRYDGreYQWEEQQ6nvz/9.ZiBvGQ.D.ET2/EtUwbm.UcbnJ4njU1S,fmoutrayread7y
wstrettell7z@ca.gov,$2a$04$BkFpg0E7bqBjBSDlw8s5beSjNI.tS3cpisGqR7kUGJLgMGpzts1ee,kilyas7z
zdevers80@arizona.edu,$2a$04$nYkqgUmIEcM5oOVsiT0vNe6kXzYNjBhkNJe3T/wt0rXwnr7MdQoyu,gbolan80
vespley81@howstuffworks.com,$2a$04$femFVzspY02ELYQNi6N.t.kiefM2d2XNwKCkioIJExSlYvlR59cq2,aboylin81
cwhorlton82@arizona.edu,$2a$04$vRHrLIMxsWiVWWNP245YS.cdPkNTRXVl8UU15H975Cmjxh6oj4AVG,knarducci82
jorta83@oracle.com,$2a$04$/YlYHOSSM1NhxvSPIszVr.ptA7ACYK78P/HXBiG1d4w6iHKmToYii,fadamson83
fbresman84@creativecommons.org,$2a$04$1F10G08qmN0GIyIFLk9KROHasvb5RtiFiStdQbxuQ0LkVqiY1tuDC,bmcguigan84
ntroillet85@blog.com,$2a$04$lICWrlVr8o3GywKk9ecN..dWow.U0aLE8qd.fCy9TsxFQ3JrVsIhC,lwind85
esaffle86@desdev.cn,$2a$04$d3Div1KQD.7aqc8x0jMBTeVJk5POTEMPBcKYODmh3Vw5Oe13785AW,bkleinstein86
kclimer87@freewebs.com,$2a$04$nO6hP/ExLF6cR3.GqJP.JeBcRxaXkVhswq4/wmQMETNRU.LxYbx82,cattew87
abrownstein88@unc.edu,$2a$04$USeStTerpQZT8zhESoXJrOzm3YeHf6XSsWDZR9cGDQANyMPCgqyZ6,hdebellis88
baizikov89@whitehouse.gov,$2a$04$WPLSN1nH8UJXq49Wazx9OeM/xmTx5vpFaTrhiQsQmS7oklNr691iG,rbealton89
rmcguinness8a@pbs.org,$2a$04$zAp34nE4fmpPvCTYIedMV.jLnVx8PzOGvAX2XMI3ssGUfqOYFskcm,ycosans8a
hsellar8b@devhub.com,$2a$04$UatmopDFCvRARJN3MlwmTO3uwxiW29s4wjoYj0KT4bshuWcO6x2.q,cfrear8b
htabourin8c@fotki.com,$2a$04$n1WBgxc1Vmu0PiHFi42Esu.m/uHGS6HftPLBGQbvW2/QJBBTzpQNK,scornehl8c
egloyens8d@go.com,$2a$04$18oeRPclnuG3TyQHnB7zrOQti2W08/BZQLU9oy6pWEaDTNs18DuTW,bringer8d
spalatino8e@china.com.cn,$2a$04$OkeEtLwrkkp8dmgHD9uV0.vnaqfukI9j1ci8gk1.THeIMqiHogUTq,tpele8e
dgannon8f@theglobeandmail.com,$2a$04$bkqsOm3lHFrsXxNlccSwk.Va7pW6BZ7D2ejfWw82P3Roz6vZ7VNca,aoldroyde8f
vbrameld8g@squarespace.com,$2a$04$PTdhaCqQMDajFAyRGX1ULupRpFah9jWjy05WUbEpp3B449Z.CDkMy,wohoolahan8g
dpendlebery8h@apache.org,$2a$04$xqEqvEQzBjTPD0xSMF.rjOStyGPDPBoFFykkvi8UxoOc1qC73d2Ce,atrank8h
bhillyatt8i@aboutads.info,$2a$04$oj7iNFRDKktDNqGraBdbLeBfoyaFly8yzWgQTiOCasw.46ZLZxHy2,aliston8i
lphilpin8j@earthlink.net,$2a$04$lGDZU3iLiA7BdWsZOW8qceeRmHU60dM5ycI29/c.1hDZioEvf8RF.,sgerin8j
ccahill8k@google.ru,$2a$04$cdT6Hsxot7GSGbIwapm3Vu0e5ms6JTeiouMhlmXEIv98Q6Hzt4Qw2,sdobble8k
mjanway8l@wikipedia.org,$2a$04$DzgBWQjPpR/tYt.NA/musOL3sWjdDXxq6IzQ8YMvSECukC6M2WMfO,fstronach8l
bknowling8m@odnoklassniki.ru,$2a$04$8HO23nezqo/3Bmy8lbDvxO3vcQ86O8N/Iz9KALuoGeeWF5uOKe3Lq,vbartolic8m
rthornally8n@dyndns.org,$2a$04$CHG51ux5KhVRJa9zE3DVfONHER8OvcoVb54HfOqux.6FmK.AuOYiK,msemiraz8n
mmillership8o@google.ca,$2a$04$AL2K9fZ099URwRB5gWftWePmxtv.UKrkWHUz4NOFJ/Q9DwFQnY7fy,igooden8o
sboltwood8p@washingtonpost.com,$2a$04$9PeU3JMz5optgz/4vS3yW.8GDQ9Ts8F3NVdOnpGDTr0DwDYCGL15u,epachmann8p
pmuddimer8q@desdev.cn,$2a$04$eR2.bFpFubkAJpftm9gynee9GVMs1suIG.a8us4/mlTYb/cqrjfD.,ymeek8q
mbamborough8r@de.vu,$2a$04$G8DlJbuWzVcPU895FOsXJ.monUJHA5cf02hrUooD1FgTxEX27Rw3u,bjakaway8r
sturfitt8s@nhs.uk,$2a$04$8DaLzOqjDaDdFdRskkRY9.KrTK7XB9m2Ef8EUvhwHy8RdAqfXojVG,twhysall8s
spauncefort8t@guardian.co.uk,$2a$04$2ncluEgOGR9mx8zkXiR7ru61yHNlm97CX1kRI.b43pFev8kn.BQgu,ldas8t
nfrankcom8u@sakura.ne.jp,$2a$04$qbvj5Qhfv.ljezwj5Lqs2u2dgkjC0JYien61b/0hGyFNGgtVO2pgq,dlambrick8u
cbrearley8v@about.me,$2a$04$JZ..vsxpZ8Vz997F5AfuZeOca8G9hokX7j3WJIwBh7QX92n7M44ry,dvarran8v
gtribble8w@myspace.com,$2a$04$8s1FKsgmsJzBlE3q0sk44OBJ45GsCkDdc4x8Gd1OV.jONl1V8GIre,sdutt8w
tberriball8x@reddit.com,$2a$04$fV4RdGcTzfWYZhFYBbj1xuGBS0/KEZzg77nho3oPj6JmWaQtpjPPy,lscinelli8x
htice8y@craigslist.org,$2a$04$ozi/e3ium62mFS8iKPhMaONp9nDKVZUfQYMMdrN9hBFrZSBPRAAtW,mbendtsen8y
tdjorevic8z@upenn.edu,$2a$04$N.f2P8dMJ58xyZ/NNs6mx.i96FxxnaIFkkadDlycP1VOaW7MXoDve,tlechmere8z
mkeuning90@statcounter.com,$2a$04$SVHDpAyMgHF2DTnkeFyoL.eTita25zREr75BzVoP2sbnS2fP6ZJOm,oboorer90
gbattany91@statcounter.com,$2a$04$d0HqLz79O6h8I3SeBvAWfenyQTDmXWkoOcwe4j7fzwteIsRmpVtRa,qlambird91
kweigh92@washingtonpost.com,$2a$04$du/4jhUS6xBEnh46q8EPCO/P75yWVYeaEs5GEPKYkagyYc68zkyGC,gbutton92
htremathick93@comcast.net,$2a$04$YmZ/7i1obtJiacX63yym..USLZH/sXcpRXjji6ZVhvZH4WZIsvtWa,mtither93
lriddoch94@bravesites.com,$2a$04$mCTS67YNOQdyzpuPB2oQKOCq3qaJ14LZ6rLb/2tcgvd6s7H9XwMf2,rbelsey94
mphipardshears95@scientificamerican.com,$2a$04$KrDQX04vB.1YjXlLnNvE9On/bDuO5zpoNYWtbcuh4MQE.22x1VWrG,mionn95
cdadge96@java.com,$2a$04$.j8XGA.wHDXh9gq6kVkHoOImWHdEX0MgJ6QaOkzv3mgKFYXTCAXZ.,tgawke96
eeyeington97@google.com.br,$2a$04$u637Q13EKyyfPk9SHdVw..j0PegVkjQddgaBQ6parN.hlkNK5SlE6,cminihan97
lsandeman98@reference.com,$2a$04$XL5dhvOkzOB4.4vSqQDzLu3gOQgfoyKn.t1kv6xttgjhVM6lgFFFO,fgallandre98
gbernardy99@fastcompany.com,$2a$04$M3yLJKG6zHCDoa8o6oiw/.Tb8i2s3bP0jVWlGU368buVdgZJLTaWG,avanyukhin99
iwalthall9a@ocn.ne.jp,$2a$04$a2iwE3/8cQXt0v7XZLNSr.oi8kWxHBcgxQeiZm0TVeT1FN6O0e4dy,lelderfield9a
odowglass9b@reddit.com,$2a$04$4q1gnuvlhcYxzG7ZqMT1dO7Dp/Pk5wa2YOFNfs6dnPszKBgY8STjm,gbramwell9b
iaubery9c@hibu.com,$2a$04$Ts2Lv94mHfBYEt0Sxm54k.CdkYTQKNr7u5HHxT6Pki.0eMdX12hVu,adusting9c
aharland9d@nyu.edu,$2a$04$v7ew6JfOHjEi2TMPE96a2eHqQfPUx2zWdXF1CzCzpfWX89Js2IZ4.,ssheffield9d
cmcgeachie9e@stanford.edu,$2a$04$f7MVhmihf3wqiSh0r7TSxOPV/iSRYZ/hl91T31oke0gM8nX0UDOQO,wiozefovich9e
ebrute9f@baidu.com,$2a$04$mqdwzoVJWPwkt9YFvHVAyuj/h4nIL5rOp1PmZZWgETwDxN8EGT6dC,tspencer9f
btschersich9g@macromedia.com,$2a$04$ISFsh/k8puLKBJOKys5jY.mfWigQjaxPQC.TvhOM/LHhaswhejTGu,eiglesias9g
hdougill9h@moonfruit.com,$2a$04$2N9iJbDdhjgkLBAM/6kiiecgO0GjB2aEBlhqjoGL/Yysl6qU35V3O,kmerryman9h
cglanton9i@hugedomains.com,$2a$04$1Ta158rQ/4YAjuB/59qQleW4.lHk4I8zDDhb/7/lm8LjfqxalZhbO,hlaverenz9i
eandres9j@msu.edu,$2a$04$KuyiSomiCH3z0N8ei/p1p.oM2dQIbm0ffNivERpEmHrlFwT4cXXGC,aferroni9j
tnewport9k@ustream.tv,$2a$04$ro9Adze9mxj/Tr1QvwNar.ndaI3Dy/1k8yiVXS7saxXEVkxKyrTMe,ocannings9k
abrinicombe9l@wisc.edu,$2a$04$fNMCnxZry.bHjCn6ySeJs.LKYD4BCHb8fGUzBvAACSjXYQt0qEWNq,bkennicott9l
jmccurrie9m@globo.com,$2a$04$4JYh84p3lSzTr14xjc2NL.7sELp6PQqYbtR8.To6HbCJdH8AiSsAO,kburdikin9m
fnudds9n@google.co.jp,$2a$04$sJaSNq7j/JjrwiLl39rRue9pfWn4jGZi7hTPb9/v7h.GTKu9kmM3q,hwinson9n
sdeas9o@nymag.com,$2a$04$pnIkYP4ZWdaGxCaMjXdF2.RJFcNGzNDHD/ukzJopdZ5NIgAlosDeu,gduncanson9o
vandrysek9p@gizmodo.com,$2a$04$6nrYZ3tNzrnrznpCC1irA.KjjnWB/IsOTggQ9nAoiKELiAYW4sFCK,gbenting9p
fwheelwright9q@reference.com,$2a$04$HWYksO2eOOXbgXrurGYEz.vmg4arQi83E8ckqL2iXOtPKcqUX5wIW,hmachan9q
lfearnill9r@tinypic.com,$2a$04$U5JDiyts/qnL8JsuqE1.Pe4uNugk0VhrUha24pqDtMlelvbQhP1LC,bmartyntsev9r
cwilder9s@cisco.com,$2a$04$5lKbNr3yFKb3QYOjtg1xd.hYE8i/Eeiby.ngmWGEAiThZ5bUo5KG6,cprewett9s
gcolby9t@prnewswire.com,$2a$04$Yp0MkYd/9AmFl8Pdm7wKEuq4GtVTpkarzhxsVwSkCizUg3/BdHwsu,cbarthelemy9t
dkruger9u@cdbaby.com,$2a$04$K.zhdPxWZrimwK9DDRzzUOiF0bKiVSzgRYnYFh1jdTj5mI5i/DhrO,jsowood9u
hcheeke9v@people.com.cn,$2a$04$aLsE/dzOFAuo9necETvWkubMZjQpliW9i8T8WYb8iS2F3IDEHAu3K,emakepeace9v
mjobbins9w@ow.ly,$2a$04$cQz0KWciWTLdLgExbimfc.7CRLCcZLnD3EPs7/eqfn7OqghLJwBWW,lholston9w
aoakeby9x@reuters.com,$2a$04$65bczQ4RgJER/ZVA2UPFdev2XUjWhU0PT8wtzxk6NjXGFgm7M8pGa,fdarton9x
lgoodson9y@jugem.jp,$2a$04$MzdWNCpPZoSSb7dJTfosbunUriZBgl8bFYqzp7tgI0dlouZl5GqRy,froskam9y
gpurrington9z@moonfruit.com,$2a$04$Bv0U/VDn6TUSDtm4W1P9f.MtJa1Km0T5MTdpEfaGcuAhayV1l1T4u,khuxter9z
kbaggarleya0@shop-pro.jp,$2a$04$GrP3nJL2dUtvJX21IlOwG.3NfsLdrxOX.k9hxPTe.I721CXgQI.Eu,agreggora0
bgudemana1@slate.com,$2a$04$11spgkyxZIr3bmt.BPr1bu6fX0XoqyYv4wigVwt5KS/IEyw9e5LdG,jhanselmanna1
cheakea2@bluehost.com,$2a$04$i35A4JJmZsl3gmZA64Fl5u0JXZJBMm3eBy/Aku7zAoLz9eakv8Qw2,bforcadea2
lhogbena3@stanford.edu,$2a$04$BZiSWkG.tfxFlC2zyJdzDuL7z.bN7ld4ON8XoYLiZeZeElGtV2BVu,bfoulkesa3
sreddina4@yahoo.com,$2a$04$Gkup3s5UFnKLBJGHUjrkN.J7zumH2ErkpWddDJfBWPyvR0..HFDZC,vtongsa4
vchawnera5@marriott.com,$2a$04$Mtw552ijwlnFSGXbnQ5CzufqYajFVWNC4fz9YITObma4fYIn0ra1O,fskydalla5
sgratrixa6@nature.com,$2a$04$t2Uc/Z9ZBpfq2DjRmelsFOj4dJVcoW6/VStj4o3hJuToTuZhBEVFe,csmithina6
kgrzegoreckia7@shop-pro.jp,$2a$04$im96AKehGnflGl/oo8kSGeDmyJXBtwnInPoVQHredRqIOaIhd/DO.,lblevina7
rvaleria8@jalbum.net,$2a$04$z/MfUSahDgR3/iqtrg1qcensVp5IvFqKPHVHU/XT6737qc19ZoUdS,znesbetha8
risakssona9@trellian.com,$2a$04$bjWpPAfvfb4OzM/JhKByY.0Xn6Vm/krIz/SolzuSQCRyLYuwDu6v2,qjephcotta9
ebusekaa@list-manage.com,$2a$04$yFnd5bp/wUiBl2zxjNuY5.TdmQ0v2fjdxDKkJMX/7v2JP5o8B32mu,jyuryichevaa
rmacconaghyab@ning.com,$2a$04$wog8xyFc5HwjVXbc6fGlzueO.HUMZF2e/6ksYBuceQN7sZ8Nm7phm,rpautotab
dvannikovac@t-online.de,$2a$04$HydDXHfhelPSbyRMvBa7jeEguWPNrVCSPyUlU3KSGzruUtN.iVEMq,mjanaudac
ggonzaload@china.com.cn,$2a$04$bZns.lete58MjQCZM9igKuA9zg0nH6FLwkr2hEC8Jnga.GxSIMhZ6,malpead
baxstonae@mayoclinic.com,$2a$04$hs2benkgD8Z6XWWVhOaZZOCBGlCbMTDHBQE3msQZQZ7yeLB.Lo5PO,ateesae
dfenichaf@cnet.com,$2a$04$e62el8kJdzKOmXM1cznMIuSJiFfex6xNYjsG089CSZ6iwLULNr98.,hmcfaulaf
tpleasantsag@stumbleupon.com,$2a$04$aNcvozpnqdUMyihwzU2fWuVt2KIaTJNfdPcpQ6pgpjYRUguGWmwKW,llyalag
jcristeaah@webnode.com,$2a$04$eRwWzrLxK97kYaiZK8Hceen7jYGkJOI0VlzEDx4xrWHHlNBSXvd82,lscrogginsah
ntidswellai@wordpress.com,$2a$04$Tv9ESF6pQOsJl5oQiDrwS.NdMQ8RFryQUhuA.gnbgVWrB5G2WI8YS,fdinningai
asurgeonaj@home.pl,$2a$04$E4hV.HF0aE1d2VaEfazIMufKbB6hLuUal0CL6fIrM57xWi1GyVuVW,vleahyaj
gwaisonak@shareasale.com,$2a$04$CeB2y8DB9DEyXUzCZTmj9e7LjCln73E27C9FWLNxGuO/MqA2Vgbt6,ppalayak
sovendonal@youku.com,$2a$04$HwZ5IuW3X2d2aoyVnckL/OrW4gKH6XnAPRvXY0K7r07HXM4.y9bja,gyakuninal
cpykeam@cnn.com,$2a$04$LLUUv/wbSH8awHnKiel6E.uUrZFniGbXov7DQZlUwSLs8uZA.46fC,ddenneyam
dallattan@ycombinator.com,$2a$04$gAz9rGWsDGFuCFW.LtUy2.MXbq1HrYsAmnqwl7nKjKv6Idx.8nGTe,nketchasidean
nrhodesao@mit.edu,$2a$04$UYaQ8yT48.ZZhpZXZ9Ek0O0dKW00/QkicOxnW7Y/Eqf3XD9RcAUBq,aferentzao
jsprasenap@pbs.org,$2a$04$xfVhX.STEFmn.tHlwUQ0Q.QTA3TdwVxEIyz2fUm.x2XlNaWeJaQHS,mmcelreaap
atanzigaq@miitbeian.gov.cn,$2a$04$29ewhMFUQ6/jUlkqtJr9bOF7YZSK20LNGCUQTZFmQmREUeMTOzDvG,splanqueaq
dcolliarar@cbc.ca,$2a$04$kFjEsJ/MXNykUWVTWSJrvuIYUt0CdKaBhRjNmp/vNxjYSKbGKWU6K,pharrawayar
gholtawayas@1688.com,$2a$04$00CClgfhzK2B5t4xxLQme.E07VrwvqTUiL1cSViyWxx.45Nz.YsMS,lculmeras
serswellat@dagondesign.com,$2a$04$XcbegddJilo2SQ4LCQKzM.gyBm1.S9bXIddZO70V2rVj/zwX5ldPu,bmerrgenat
mliellau@shop-pro.jp,$2a$04$7yROYTytb4.LQdfn3OqUbOFWbBRtH4PmemKfjTbRUjNuFniU3PMJG,jtoothillau
fbaileav@indiatimes.com,$2a$04$SSwalIJLbjpG2zpheegKnugqtPiz.tGNHvgA3Q2lSIKQtPt2oprBO,lbuttersav
tisakovicaw@nih.gov,$2a$04$Ak6EA55MEJM2fSznPvqkrO2vkvPSY3o02WN5yJ.ZnFjdguOx9xG62,ocudmoreaw
tmccaffreyax@ft.com,$2a$04$Ylaop1ppIbJTYSQlGtZQVufR7XsOjEAQPOr97uH0n3tUHcq6mPPaO,kdillinghamax
oballaamay@boston.com,$2a$04$3srQXGfHgVeoh0X68tK7fu2NNOWWQDTqZIbJ4IvUtt9J7k0ImYnP6,bhamiltonay
aquinnellyaz@latimes.com,$2a$04$XPOVCa40KsxLXRXKJmj9dO9RGvVpHSyjUMhBXRnGRH9Epr0ol1Yq.,jbassetaz
ctimewellb0@dmoz.org,$2a$04$BFfhQp5mHfUQiyl8bpCHhOTAXSc8AUQ3LXbK2ulir6W47IndL.EkC,nwhylieb0
jnapletonb1@cisco.com,$2a$04$mJBBrL1o1xFMS1HWf8Vqb.W0/67yIUe3qmqnOUIYd7ka/uKlzmQFS,crobbieb1
fteatherb2@bluehost.com,$2a$04$S/lpNVhKUKpCHnzPSPAXweoZ3PvpPiRhSJCmEPCmz.wrGrVyB4.Te,yspellwardb2
nmaiorb3@godaddy.com,$2a$04$0ZfCU3apY/4IsTkQR77IDOcAcXQmWr02GWjK8h3rCncFFn6D0qffm,oweerdenburgb3
bletchfordb4@china.com.cn,$2a$04$FQz4/mOjP/hjKIW3JRrJYu6Esmw4oCEw3MFEHAW0BRUb4ymSAQke2,dcreddonb4
dmundellb5@cargocollective.com,$2a$04$DZYHUHnqjBMbPDXy5wF6uuF/JXhQaFiUy0WoNJ0g/CsCvOwOL1LOG,bhaglandb5
sashplantb6@squarespace.com,$2a$04$vIYSUzVp1dI6Gtw5Rvs1EuCA1/fD2FjnxBpHlSxHtU4co8ETXW..i,jhorribineb6
kpiddletownb7@ed.gov,$2a$04$FOMME.gEoEbaHPB0K3ayhOx6s4w52yo3CfejGxGOAFw7h8TvC7Fzi,cbreezeb7
jyukhtinb8@redcross.org,$2a$04$TNRkdO6Lv1fF9KuUx/59DOVaxoFNcD9ZEFLzOnu2NIKeoXYapqF3i,lgoodyearb8
aflannb9@acquirethisname.com,$2a$04$zl0iYGRgB911W/WpNxbvWe3Wx.b3YcxqgjLtJqwRrZiI/JRpaWGQK,jrotherforthb9
tpetzoldba@istockphoto.com,$2a$04$bAhH.47SEf.bcTNcp6FYxeM551dpxTkBa65pVYtnA2onUt9LZB7nC,lbroomeba
rhendricksbb@cargocollective.com,$2a$04$vJ0uKwdfeqJtmXPy9Qtb5uGGjbAnWMep.GKMR3hmXlrYCKOSYiye6,mtyrebb
bnewlandsbc@simplemachines.org,$2a$04$NCcRL92eKgIwKcKmjRyK9O0R0OKY7rNBpyBqHmG/ungQbfkVV/A3K,hgreschbc
kmatushevitzbd@google.pl,$2a$04$0u.J.ui2a8bZxitx4K2f5e8D5f/3SYfMHNzQkolpln41iUw.jGysC,nantyukhinbd
ddiackbe@gnu.org,$2a$04$ULfbkWxnxQfHdqSuRhqKAewA0gHsUrvHMty8OA1sf7TUxj3Zk.RXm,jcallisbe
ctareebf@pcworld.com,$2a$04$szFpnrsWlD/Z9wXrv9IIDuxCtR0P5XkYSUpA6Gl.Yfpctr/G5uTfS,bmatteolibf
gbrabenderbg@privacy.gov.au,$2a$04$GZUU6mQgwBQBn4DzlRf6p.ndvlhchA9rgqYLvomIR/S8Iq5jKoXS2,fdownsebg
gmccaffreybh@google.de,$2a$04$VwqOS/2HRwjQR0p6icNNvOo1PXp2oOVRsOI7g13DNn42vs8WemFi6,shannafordbh
jdillistonebi@dyndns.org,$2a$04$f8/13nnollNu9cQ3BCyXDuBYBV5JDSlJs6wZCo7KYc/LCRSFZ4yna,mphizackarleybi
ltolemanbj@artisteer.com,$2a$04$093wKjNcU36Yhae3pnkyBuAmtw0d9N.yPP63jQ9YjxxBx3uGRtjlO,pbroadnickebj
ilangcasterbk@wikia.com,$2a$04$6jZ56BvUc9tsP8H2se.GeusuIPqHtIYvN2HJz4wt5ZnQTr9EkcDhu,kalbisserbk
ghesselbl@icq.com,$2a$04$WdjDn3mSsFoqKqbBPn.KuOc3ZnjgaOg1cddfC4QRnNTR/dthxzufe,hwoodisonbl
mcuradobm@accuweather.com,$2a$04$TrT99a59Mi58yXAt4.TaVOH/LLx6FMHwPj1ikPPcXriK2GKMRv/Ni,plivickbm
rsommerlybn@ehow.com,$2a$04$Qo3IBSxWo/sUhilg.NfZAeRbIcGTYWdoveDYVjClJ8Ec12hreHXZO,ksendallbn
ledgertonbo@123-reg.co.uk,$2a$04$ing5Ucnd33bEiig7gbuY3e/Yglt.tngt0MVYNGntq2ek030XmkB.y,chaimebo
lgodlipbp@odnoklassniki.ru,$2a$04$svk.OzHsMS2Eeh/8ApqvRunw97ujmaS1Woutd/O3Hd9BEa4Fzcd6e,lmccafferkybp
tpaolottobq@adobe.com,$2a$04$phM7Jsf3GXaDHLubCsxdZ.6U3wGAiuCYJ5qHVDVCEZQmcAJbsNlbG,fdilgarnobq
rgrigorinibr@canalblog.com,$2a$04$9DrlWeHxiNamtJ2IvAVC7OvzHKTbnYARz6GWK5EZ.ByEObiT0tyYW,ecarniebr
kgossagebs@reddit.com,$2a$04$KyGfiD.ATtSwYAfoApIBEOoXYf.bMPjZB2QiSkPHcJAAgsqMllESe,fratleebs
dclappbt@github.com,$2a$04$nrjAHR77j3Ama0NzChYWa.eyqTfgivXLIfOkom6eEX6fuysc6It/e,nmckerronbt
sbissillbu@statcounter.com,$2a$04$VypI93q6osfDvPVu0hi8ROkIo8eJaCn8SI8u1EFSkofEbmP1oHj.e,sdrysdalebu
kleadstonbv@prnewswire.com,$2a$04$oTy.F7U1k4FqbXpiJKsaPuXM15r5eTPwD.cqBClQjcMZDQNA0J3zu,kflaxonbv
npeperellbw@imageshack.us,$2a$04$5rNGjRq4Xb3Q5V2oyXpl0el7TklMMaGs5QShDt8xKhCXaLe85TMaO,eastillbw
kcagebx@irs.gov,$2a$04$1FDdFN/0Wb235ASC9TOZfuCc2Nk6FebXEpJPSFujWh905Rw5WaqmK,bmackettbx
kboyceby@furl.net,$2a$04$ZYW900J9QcG5bbBCGAdO7ONigJ4MbO2g2ONtQVwSYtAseFRrHzsVy,mgreallyby
bgriswoodbz@oracle.com,$2a$04$wZ9yCsvIg4wMhYPyocwFJeQkTD6zOGhgRH/HhR24nOEWnRFUo9eeO,bjeynessbz
hgooddiec0@zdnet.com,$2a$04$xwg4KhBFm5vxMXrVOJjBbeHF/aktYKB93Ws60IEFo7tbhz6amWpOy,mmcglaughnc0
mbaxillc1@chicagotribune.com,$2a$04$7PGEiR.3kvPnWMld88LhiuyTpqFqgLZ6zrKohFHLK.s5FKNrzQmJK,gbuglerc1
ashearwoodc2@e-recht24.de,$2a$04$Bdbqla7Q0HMN4v4/cfPJReP8zm.2Ld4YXEMMqdfy4NJprV/UM3nya,rabbysc2
rfrizellc3@chicagotribune.com,$2a$04$LdkEUGOTTw0KsnaR0qckx.Chrv3PtZG5n8dgT.rwoaKBgh/VGp2rG,qsimenotc3
ljaulmec4@disqus.com,$2a$04$oCJ90oGWXzVjmz7r9WHaPO1FM0IbL8dyfjgcsfwv7H1lOQOFYdCxG,kchattawayc4
gellensc5@cnet.com,$2a$04$U4jFSLr4jSBq4Embo9vNOOnmMTbU6.UUkMPm6Xctb4eK7laohuIAO,mhirthc5
tgrinaughc6@surveymonkey.com,$2a$04$ATD6kSqzOSdJwzH7jCAdpO1.CQOtOdjS8AVvn1ixHAn17J4VqBWfe,eantoninc6
fgiacomonic7@yahoo.com,$2a$04$Rziiw/XD/cvKjDKsV/uLfOY3GF1ECzjsqOjfJuEpBQFYFLkHM/QoK,handrzejowskic7
lvintonc8@ebay.co.uk,$2a$04$GgS9TYOJhyqpLqPlt2A3Re9Obz90mWxp3i0ujArDTxiKT7n1B88IS,bmundyc8
cthomingac9@apache.org,$2a$04$Zar3T7yJYItWXURlHIhl1.v6S9qxDdQahg4mN.9iGAXD9/Xo2Z0Me,megdellc9
gcuppittca@wired.com,$2a$04$PevAJ/HmgXd1HgTZRFmv7.U/8fPnRHy1s1Tjr5x/vlUk1SqhecEZC,adreweryca
mrabidgecb@businesswire.com,$2a$04$k.PsULjV.gKBq8P2hsaPxuy0giZQFQPdawsImmO6qVYJXLhY4nfh6,gcavanaghcb
channecc@nytimes.com,$2a$04$Yr/V/KcK/J.wZzy72H7mM.U2jZheGVCrI/4PcU.r/rzu5vAmXWqpO,ecordescc
hjobescd@liveinternet.ru,$2a$04$IjAWY06cIZV5D5JypJBwcuJELJOJHpWsvyWRs4A.b2iPxtVdEsqSq,smanklowcd
gmelsomece@yale.edu,$2a$04$fCk5HgsnT6jL7KIqk6gx5u8cZxXzvMt3XhzPFHCT61lFwtiksrb0W,bmallamce
rclemptoncf@uol.com.br,$2a$04$YQGechjP9lfY1GaZmFUxSetzSNpZHgTidDQa9C3GL5Ly2lInfGDSi,lmckeoncf
jhenighancg@jiathis.com,$2a$04$PGb0.hVHjZoqCUNmfnsGJ.Px5YIxczeh7KoOOf7dxCw9e7AuvBqZK,bsimmoncg
adudderidgech@artisteer.com,$2a$04$Sn51QoHM6fu.HC5iVtvCje4o/3Eui8crsUgZnkQpvFUtkol1ZyBja,ibasillch
mocklinci@edublogs.org,$2a$04$yOmS3nNoEOR8kWyXQV9uv.lfo9Ahed9iiXau/EwCe7Iaxy/A7PDfu,tbullinghamci
cjiracekcj@biglobe.ne.jp,$2a$04$vrsH2eFTWUfiz12REQzHEOZiY6QMivaqdz53JoGIwzBh4VM4g7Aum,cgiraldocj
mbrindedck@fc2.com,$2a$04$qou8OOU093geWGvyYBsWO.wzo9nU52imF6WH8aixufsobzdliZNo2,hsternck
bbenyancl@mayoclinic.com,$2a$04$M7ZoG7extoME3Kdjv9/Mbuuum.vEi3YLa/JvKqwmk9LSrXXA.J00C,mmalinscl
tmilnthorpecm@godaddy.com,$2a$04$cZHS2ooXaxx/f13p/KAhwuq/hIZlCPIJ6zYS2O1HtN8A/4ECAs3CW,lspourecm
wmclarnoncn@miibeian.gov.cn,$2a$04$38cw.2cytyU69If7YyCExOo7bhqjEfRSDYSxvLWdkGiX0n6odpeSm,tburwincn
sbaracloughco@rediff.com,$2a$04$CQXCVnTFnU9yv/nu.PPXp.Uh1fZPqdB86oXtjueb4pycZyodFAILi,lroslingco
lirvingcp@yellowbook.com,$2a$04$OuCcQaV38rLH4MmOlyIyJOBbkxmDPpwCNtUl9HoNlSVoqLShRtu8K,ecelezcp
gsilverthornecq@geocities.jp,$2a$04$XRnUirz16Af5Eo6JQx8Z/u1wOeGqdYwPhpR7qoXAisW5ASOF8ri6q,lgillebridecq
wbarlthropcr@pcworld.com,$2a$04$7Ya7T9lcay6DWdCsOOeeT.bdb9sH6zBxFB0XQ1fBhnOdUNLCeWE8m,cmatashkincr
gcluneycs@virginia.edu,$2a$04$nOh37LdwrQ1p7t45NJxK6..K4iSrWwiz3kuhFAEZ/i0Owdl5LS/2G,dgeraultcs
wskeathct@eepurl.com,$2a$04$caaY3bdRatAQdUObiyTXvuxViAvBkzSzcTk4WP87lelS497F.pnCm,ityronect
iwhittakercu@icio.us,$2a$04$N5nMSrd7OKUBf08.EVvGS.VT9/KmNG0PkSX7fVamTk6V1B4fLKkAy,kishchenkocu
rsnashallcv@bandcamp.com,$2a$04$Sqwq4sVlvHlqHNSanx71nu.bm0ei4weKfdaXR0N6iX7kA266hCWFq,twilkisoncv
cneevescw@constantcontact.com,$2a$04$2edysoOv.Mo8YLtB79y3s.N9ET3PgGvVvHCBa2sfUS9Hx.B8wZLYC,vmcelhargycw
lrossitercx@360.cn,$2a$04$83eCm/lL1Xl..hk0xmfrOuY5ly/D/E014i6g9Ny4QsPMJAl1IGwd.,rlawrancecx
kkuhndelcy@europa.eu,$2a$04$nE6dq0Hu3KYjlExbU.R/MeCZblNeitjLrNe3SZQYkaZm2Zr5XiyRS,gpondecy
gedysoncz@java.com,$2a$04$7Lou6MErpTfiH1rvd5evOexOQ0XLzXxP.pdCGOuS8S8RDRQBXsM22,elowrecz
pavissd0@ning.com,$2a$04$pEm0rj66u9BhrT9WWKHTQeGfpXSxuS/tIxzjDAcKIf2skamoBSewy,djothamd0
hpattersond1@myspace.com,$2a$04$2NkpgcaLeNB.4..OIUL/7OLPEyeRNWzMe.0WhOrqkTQcpPmxWQQWW,mlowderd1
atorricinad2@imdb.com,$2a$04$VHKg1CQbnEwCpdOHl.QKBe1SfmbZGVogk9vrmzf6eR8eyF4AETsEu,kforstalld2
jwulfingerd3@freewebs.com,$2a$04$gWhOG8h18A9AZsxc48Qdtu79kIy2hxW2mGYm9BBwruLpVOUzOqGm6,hrickabyd3
jmaccaheed4@tripod.com,$2a$04$o5X9KmdSDhLr2Z.LQs/15OQQHEV3N42AYFP9.vfMGO.Uo4nUFOs1.,fmatchettd4
kdemained5@marketwatch.com,$2a$04$rezhblz8wa7uO32bWb6Cw.Dii3nl86HlvMAjnhAymRg4w28NjmSg2,egethoused5
jbaised6@pinterest.com,$2a$04$C0mIqe9GUSVFFH6TGHTbv.VbR8h1JlU4Hfx4AbgbKIDKcA2BKQr82,kjirud6
cringd7@ebay.com,$2a$04$krlsX/lV4fsdAx5LqJ/uU.7NRAX7jTGmrM5GqVJGo90uHg.KqpZgq,ebloxsomd7
tdransfieldd8@skype.com,$2a$04$9pMU6kI6ToFS9Yddi0caOeljukeo6xB91.n9Z6ZcZccFCaQllvuDG,ccordeirod8
aaskeyd9@google.ru,$2a$04$LRcn/VDESN2K/5PgtuKb7OiF.2bvQZ3/ZE23ByDdftSFyjeBdikXG,dstollbergd9
edemetzda@hostgator.com,$2a$04$8SAdlISDcQ1Ig0nkYBmc8O0PQ4tnzZTiQG461gkUCwQt81iR3mw9e,adustingda
jduckettdb@umich.edu,$2a$04$BpbHB9VUgxtFeWzs.7iNfuopT.tnCr1OzTfoPVrN.jR8EzEEgyEKG,wlarhamdb
wrentillldc@wiley.com,$2a$04$g72WlQXwDizu/3iWOUCyeOs4A8K5uGVPn.NqRjpE58ZGZ320LYqaK,pforrestordc
lpennigardd@craigslist.org,$2a$04$yvJeZ50.21Becd1bqK4ji.T4ON7TuNg0ppi5N4tM9U8Gu27HO28Wu,jgladyerdd
bkilgourde@icio.us,$2a$04$oHnumGSklKopFeS6qvSGi.pDsMzVYEL44QQkARx/nBRO6ygF2CGda,sarnoldide
gmonteldf@google.com,$2a$04$Ls1JtiWPO2rZLNB/O9MzjOaDZw3uIfLiQW.JOW0IkGc7FMzbwHgWi,mspibydf
cwolfendendg@jugem.jp,$2a$04$QO.mZUaI6ZLkhO2ZVjWJeOr3l5RppQj7s4LYoHn.ZLl0VuSyibsXG,adogetdg
froscampsdh@wikimedia.org,$2a$04$cRK76t1bRndUbqLjnshRLempLTy0u1MBcg2/O.UI1c8QpKjPzAzWy,sleynhamdh
ahaimedi@sbwire.com,$2a$04$i/.f.YlcpO3DXMcr4TEqoezzjDJKpbYEydlJcTHGtgrQEuVaqH9I2,canchordi
pleivesleydj@aboutads.info,$2a$04$CNRreMP7GtTf9ZQewfT3a.fi1mnRjD2eXoW4Kppq8auCtD9YtZAd6,pfoxtondj
trapinettdk@github.com,$2a$04$ddSVSJpxOas1OoQDqhDSxOYxY9OxwvGoC8puvmbaOgU71MBgeHWAm,lscafedk
rmaddrelldl@over-blog.com,$2a$04$UqHdbEI3DpGVfYHnsj9LfOlEw5x2b/vRd3fdJBqHDx1ORy04XgElu,abrettledl
adakindm@ucoz.ru,$2a$04$otBuysDiwsSBZQOpedkQUu2kqRbFHm7M1sqGzVg01LUPb.P8OxxpG,emarlowedm
jlemindn@state.gov,$2a$04$j0HGpVgHpslDHCM2uDiIR.c2aNRj4nyvMlKemn8mMyw3.GlZlsA1q,mpointondn
lrickerddo@rambler.ru,$2a$04$cUIyJXnUXzTwChnErlMSqeD88tILLxnnBl8ogG7R4qVbeq/HhqhTm,jlangmaiddo
brivaldp@amazon.co.jp,$2a$04$ROpnsMvOwUwUbfLLA2/8BuUfEbZZvjuiFSbr8DoJspHlWa4UnBr3C,rhenburydp
nmurchdq@reuters.com,$2a$04$B9pYPTihr23XhjuTO4ZMn.mEO9Ftn4ZdmnQR2KHibThAa5El1mCKi,gmcmanamondq
kbalchindr@rambler.ru,$2a$04$Iw5cPpp2.TnyJO6B6hHWIeHP0xWDiR3hTXq8v1BmtuvEOQgqsYdrG,acullingtondr
bdomoneyds@multiply.com,$2a$04$YnpRpb0P889h5.Zvx/FdC.2EynriFjqpw.y7qBMLJHA1PHF6Q9cXK,urevettds
ygreatbatchdt@examiner.com,$2a$04$dMPPporYSDSWR/wZRSylZupuO6Ke9U0qSwNaLR2ehA5y1mnkUbn6G,pnussendt
tdemanchedu@imgur.com,$2a$04$CVSgzbFKU9ifTBTL8/7zde.1XBkeBx8JfDy.wCWwZAQCPoRhXEise,dashnessdu
nliddelldv@topsy.com,$2a$04$Lsp/WmnrDnqTIxkh5EPUEeh5pOcT2zI/oq/Qgwv5ggOwqGMQZnnQO,sslingerdv
mdeversdw@mashable.com,$2a$04$5/tA95vYO67VrWMIki8c7OGzuEXkD5vdRs1HrymT85gZEeV8G31Bu,jpaolonedw
vschustldx@nasa.gov,$2a$04$wIRuwPkUh.DmPem2yWZsF.tawcJea/yraoJAaZFX6jAT/Vjlq6pb6,gwillsheredx
jnairydy@google.com.au,$2a$04$8RheZORSpOSBNLRcBZoSGey/O7CxM8ZdrdEK51StIInsrNHB55qN.,efreschinidy
gspendleydz@storify.com,$2a$04$wF9B1OwvjbobYX4HjV6o0u7bhZjEAlNkbrVNNRSwOBlRDcbvDoA6q,mclinedz
umackerleye0@yahoo.co.jp,$2a$04$q6KWmrrWSy5G1IsaZ4oA3.XDCP1kXBrrJ/g/ecwvfqt1Y43NG.ooG,jdultone0
ehiggene1@uol.com.br,$2a$04$78t0BRvD98xw72R5CxeH4ucTLyTpx/.YmGpQ0kAKyU94kGqZndd0a,afieldsende1
wphilipparte2@reference.com,$2a$04$XhtM4UmdK7WoRzSW22Q0OuvYPjUwSq3Lgk5zDXGR9VKB67AZZ.r0C,cbrooksbiee2
emeddemmene3@tripod.com,$2a$04$Ouyne5wHKhjMOAsJgTJQU.71MrpVWcgJCpw29cu45A8kffBkIPHB.,sende3
lbroadberrye4@istockphoto.com,$2a$04$GCJZXEHG17woQa6N0w4WHeFpUjB5ogpnoD7B/r74IpKzP08d7kDKm,kudye4
rskelhornee5@telegraph.co.uk,$2a$04$UAYXGVhMCMPxcjeOIr9kp.iwLVmLtTr1CPe2nr4B2ktye1gjan3om,apattye5
mronane6@weebly.com,$2a$04$eZU4cR5TP/rxMANVUR3/G./RXySfkAPRiqrKy9Zxj81U0FvIuRo/q,rbeneixe6
sbeee7@hp.com,$2a$04$yZqOvJtMR8Se3yYxc2/mwepSAXdL9XSO/rSfsSLFcag01zUGStWOy,vbeacocke7
dkenwine8@yahoo.com,$2a$04$eKwjwnf/1.l5a/CA7fhvRe83I1bKWnzmLd4P5z0sXRGQg8B8fqBF6,cibbitte8
zoughtrighte9@jugem.jp,$2a$04$Y44zljYQrYVGH1qxPfdc1.BdGL4CoQihNbehJvaOj1.9XfgfarU1u,plintine9
ajerromesea@bluehost.com,$2a$04$iC/NOODel.ysaTerSGY8Zu7OtKdcb.vQykPBj.LemL5f8OWvKgGly,lluggarea
rbarreb@nifty.com,$2a$04$a/6.I/dOrVlOS2mVmZfVZuhfUGL1WT3nB48dVq.u0Hf7xzOzefsrC,bleedaleb
djoberneec@lulu.com,$2a$04$V5ovFgvY3.TcEtwtvWuEGurLJgm2fGOLvw3zcJKyTWJOGtkWXuVrO,elubbockec
ejillitted@seesaa.net,$2a$04$03HiAGqhfGrkJTBQgZDmGOehWCT75jFgezhtF5vOvWKwDMBK/15W.,dterbruged
dmartschkeee@opera.com,$2a$04$XQfq6ag3VMzifLNozKI3lujxsKaWe/FCTmd8DxZ1wAl55ukM.9mje,mcumberlandee
vachromovef@123-reg.co.uk,$2a$04$YdktLJKwffJn6SiJgWg2eelN/lZ8HzrSiQJ/gUDgc3qvsa9feZ17q,rmacbethef
twhitesoneg@huffingtonpost.com,$2a$04$5Q4VX2pleV/tkkOlJ8eP5.OoLiGMRSiEP0f1vmuW9A2Uh.JUpLpdO,ftolumelloeg
gdybelleh@nymag.com,$2a$04$ZQCHljc2pOybVKMbCcLz0.n0Da74fv5k0UTh/pJ2m1k6mvOIcTONe,gmullingereh
sslowleyei@about.me,$2a$04$thMA6NKVDsGQRHmF6ivRruZc.C0HRSPAvu6Ghm5AmLM6q7msFUNh.,bscoterboshei
tlittleproudej@xrea.com,$2a$04$fFXl7sTOx.Zc3C4VeMNyzu1oEqr48rks88Vz2jP2PdvhV.Zx2akii,scrocombeej
bmaccomiskeyek@gmpg.org,$2a$04$7LXDCkF0oCRCtwc.HtlRhuvNc9Q8W2aMRAsYMsginZi0aOLWb42Bu,njowseyek
cwaldockel@mapy.cz,$2a$04$w4cDjtMMK2kCY6dHu.SjMOPVz6Mp3wLmr1Zlh2Alnp0ZtDZE88f6e,cingryel
amcdarmidem@seattletimes.com,$2a$04$V7z.uspfU0hCfG8Hp05M3uNBZI16jiJpK6tUcN4yRxqOLIBwZxHW6,rkahaneem
ftryen@china.com.cn,$2a$04$rPCNODp4ZSjSOHNaGG75rO8oyQpXSxy/MVQnNmHN6AYdfx9Q1T852,sdevonen
fluppitteo@ucsd.edu,$2a$04$VNrxg9cnGbwRHWSdDxlspeHoRKxoEEg4SqsiLNrNQ7J6aCE3eGs.q,fsutterbyeo
lkippingep@privacy.gov.au,$2a$04$6ziVKlT/Ly1van2KFqYxQO7.Iu./qmGWmfPkNiR8kYFpWy9GFNeli,sbessep
eansloweq@yandex.ru,$2a$04$va42zpYOXDe4xWy6OeAH5OyvpTW4WtWoqIG9yDP.A2ACjHHTw3oFC,htrotheq
tleppingtoner@hatena.ne.jp,$2a$04$cNUkV3xAzKo5uFxzJTPaAemysOzIkf0r7.d8bCQfnuS.PwZ8Iu0ga,lcrevagher
lmaileses@ask.com,$2a$04$uxhfIyaeQmxhBJeNSOvn3ualtwiI9Ru2tS65GEn76H1JvwkbZ2Khq,jpinnelles
mdowngateet@live.com,$2a$04$pDMoxGQHQEGixMaVntYhiegkmdh0QSCab8LcBuMRPcvpWODRVYNKy,sseelyet
fcheatleeu@icq.com,$2a$04$BSOOh77lzBkS75B10a6ObOijTHRisO0i3.EmOVOnwiy9NcPKLZqaa,cbackeu
lgylleev@kickstarter.com,$2a$04$rR40IdjN8I.8MUmwt4ogOuVWUy.DqiAenLLv1nJVEz9Ce7yGWpXcC,mludewigev
aredshawew@devhub.com,$2a$04$j2IIWHcjsGSeyL9IPR6feOHhCB4p/3Y6OVaM37gfnYU66bgEe98dG,tnighew
bilchukex@friendfeed.com,$2a$04$Gw3nayR9I5yOVYpAZkWsmO/uRPq.w6rnnJQL4mzOknOGdebQyM4Qi,apraundlex
wreicherzey@godaddy.com,$2a$04$eusVFvQsAWb22LBXtMZDjuw6mOvgFpEnzCcbMpmW24EA8oNawVWbm,dhaslehurstey
dcurlisez@taobao.com,$2a$04$L0yY8ah5npYRyLohzpO/3uwt.RRlURAWmHQenRx8Qwb9z97GUA27C,dmcglaughnez
dulsterf0@cnet.com,$2a$04$U2DMHKRFVyD.KOmBLuFIQ.EPxvLSX.Iv249lCQrg6L9HxtOGPVD1i,mderingtonf0
lsowersbyf1@posterous.com,$2a$04$g6QZr1tFfRp9eM4CH8DtFeSNQy1EV29KpERJFLrlqqVO8EOBjdUIy,athurbornf1
hmillichipf2@virginia.edu,$2a$04$llkB4c2COHdxOa9ilKC3E.LANobHlMDtCt769ODYvF.gSeSE85zo2,phunnablef2
iberrisfordf3@slashdot.org,$2a$04$ugmQu6PVOAuqaEN/4pAKpeMAb3dDmhOcCttAcGF0CfnrAsD7BqpNm,acorrf3
bcrosoerf4@bloglovin.com,$2a$04$a/lQTuWw1EI4Y9kPr8CfTuKe1V/86AyEnwZzRQorMKSs5s/00XmFO,cscoularf4
aspirrittf5@plala.or.jp,$2a$04$KfcbyvrgZbsH43xhJRVCQ.GPAxDSwpWdhnSF0Xdp7XKKSyiHTLsM2,abenazetf5
bstubbef6@infoseek.co.jp,$2a$04$v1nsH1V2.IeRczv4yEcsuuMw88g4p28ebrSEdR8bkvPYMSirTvupu,lbraggf6
kmcgillivrayf7@xing.com,$2a$04$iqZ7E4pcO8TgiIzJWo9hEecHQOJsXiZLE2lIgKR3lSZT4GMZdO226,mfashamf7
kshirleyf8@ucla.edu,$2a$04$74PQvFrAPguT108Xt0MZweLnqRdh.aLWM4Khd9VLKfcqSkUVXl9n6,bbowmanf8
dweblingf9@wired.com,$2a$04$EG1tO2h26CTCUeUo0Bhx.OydD/qyPcXQRmtsnTHDUzgCFDMkv2WYy,kalkinf9
lcurnockfa@vistaprint.com,$2a$04$p9lJUCHy4LV9rOz.1Zn83uuU84pNyHLZ46fzpeWYOvLYT.qUA8a6G,mnesbittfa
edawesfb@acquirethisname.com,$2a$04$Gp4lsWOfZ/USVJ7PIcMX9OMFXo1YEhy3p97JNA3eurjgMiMxBmG32,bgeverfb
mlamswoodfc@gizmodo.com,$2a$04$W6MNLuJzgUyLDVe0M5Cg5OUYCdaB9SVM7EEE43Z3kHUFYWCmoHR6q,bmcclayfc
jdraysayfd@mysql.com,$2a$04$KQq/oGMB8P.cqBuZVgS45elly.xlpQZwQuxYmFoNJQkTgf3pkkpfK,msoanfd
fjirzikfe@sina.com.cn,$2a$04$J1asptcEgTDZXXqLh5.gOePdZSwc/sGBfHjEOb/76gCBzLSwJLWEe,pgrevillefe
ietridgeff@bluehost.com,$2a$04$dod2yA..OBfJ15mxXdl4VuVVqtFP27EHoopcpRKnqFYgKefkHqh96,wbalasff
askonesfg@webnode.com,$2a$04$VvoHhRCfV6B3a4/WWhX.jem1Kwo8UwOMz91X5gxY8jsAD5Q75Jcri,fmaffyfg
rgeverfh@ebay.com,$2a$04$2Sx6SVyG0BKIejWBKnIUdOD/juatYmZsgoR4PWICkp90kMIya1Wzu,cbirtlefh
tdelnevofi@myspace.com,$2a$04$MhGySmcbxhBt3bTsrTiuEeQ/ZZPBBKtnoqpJGa3tmd7S4Efsdvjy.,jbreckonfi
gdudinfj@cisco.com,$2a$04$wo16pZuFatiZQA3v5E8PiusG.zCDCsLm9M0EVsKPRch.11Qfk34SS,ematuszkiewiczfj
hgrinhamfk@webeden.co.uk,$2a$04$T4Wp5Oag8SRak15nk0HHjejsixJcbphGSJUBR9aHsUWLVviFLRc4u,rshearmanfk
oleonfl@myspace.com,$2a$04$z0V8KsN7/xalPWjeylsTUOTByIcvTxu88itvyEwKhs3bmd2jzO9GC,lmcbratneyfl
gstronghillfm@irs.gov,$2a$04$v.JoGd1wU28CxgYxZJ4Kyuas/DPMvileGRly2ssGqYCAbS4bbqgRO,balansfm
rhammellfn@salon.com,$2a$04$I7WGgsdBDAPm.5Y/hRItq.JSspvqyFC3rO3S4Y3/Zd8xA0M7z0xvG,cmacenellyfn
mpettersfo@cbc.ca,$2a$04$rXm23s0s2AqoStnpeJ/70e6FHP8zgsmDkHTBs3oGBqIjxzG4BbA.a,mazamfo
hjoostfp@who.int,$2a$04$qnmx8HO7Xme9yC1VIwjtPeFwvRDioqq3eQn9XIBTh7AFAozLBQU32,bmulchronefp
sfittesfq@squarespace.com,$2a$04$yCaTBf5G33VeFqEJOn0GZepD5qXHhlm3srPt0WkubRttj3CPAYF7G,cnorvillefq
aouslemfr@about.me,$2a$04$5vOeA74.NrOGwYvnoB.lFOFbYfaUaNzHEK07FTRKsG3k82McCIz8O,dscrangefr
pbunyanfs@mashable.com,$2a$04$hn8RxNvs3IKSx.RYgiPrleY4VAMVpP0TOk0wxbf3uMPMbGXBK5Vp2,dsmallbonefs
fjurgesft@gov.uk,$2a$04$XwYKy7TwBpX1nP5y1Fx3seeMrf.jniUXl7FOgnpdLNLgIDyDe377m,ichilcotteft
wcopemanfu@fda.gov,$2a$04$/OxRU4GoaVEchgy26UZ84uvpeZUoGOXT6yCW04NXWtO2bQUei.vlm,fleatfu
ajirikfv@godaddy.com,$2a$04$jcVmYk6hClxfdPLmruEGb.egf78m6vDahyUUUroDPwRBV3EcbmQaa,kdonnerfv
ocriagfw@chicagotribune.com,$2a$04$gQ22777wd0dzPn2Eo6TcWeVfZ9DeAGajpKgsyBijZzmaxQeHjCpTS,sbonafantfw
dschowenburgfx@squarespace.com,$2a$04$if/s1QNrHxtevUOSjVG7xehB97X/J6BQ7Pivzxs2UFIqVbbH0koHy,maudreyfx
jdemefy@washingtonpost.com,$2a$04$hLFNb4K/BIP/qGechAN.h.cQpuboqnXSpELDKfDtf9IKOh09Tpldq,psartainfy
kwyliefz@washington.edu,$2a$04$SQdCCrel4lgog4ACofklNODgQoWnUQMXfjts6jw.a0hjnRSFugv.i,rsousafz
gmasding0@princeton.edu,$2a$04$/lxgFWfHavvxNOY3/Etrf.05nS1/XC2S.OOZZpC.7vkfR4apagLjK,seymerg0
zhefferong1@businessinsider.com,$2a$04$Ytye3UU9c30nYz4q1c7JTepd4W/j3uXizJ4AK6xGX7hOELAI6l7Vu,cgodbaldg1
cdennistong2@cloudflare.com,$2a$04$WtNe7cznJmHWmUqb40mJueVOQjOY0d4pjRUpTVBzhk9V5n5d0wkBS,faucklandg2
apenlingtong3@timesonline.co.uk,$2a$04$speJKUgiMntHgmAK7yHCO.XC2iWffRFU2jrFKzxdiAEMhvvZzA152,kstandbrookg3
vtindallg4@wordpress.com,$2a$04$UpnNhYD.JbCNKhefd12vMO2XhKZCOX7Yot/mURSXRpK0eM24jThju,hspurging4
ljenceyg5@dagondesign.com,$2a$04$6HxcCYUbCGFwPT4do.SZfepfAo1t00qt7nsy0qXYg9giPPKoBq.Oy,khrusg5
mrufflig6@prnewswire.com,$2a$04$hblENN2WYtPvziZVI3LBsuWNFdV4Ijhq7t.Xt/qR2C8SPg3KCM.XK,eborerg6
gkaretg7@t.co,$2a$04$aRd8U97XD4QCDj1YdjUBq.Ynm8xmxmjd1CrNdaDHzcMC9GmJnyS7i,etissingtong7
vcoiteg8@topsy.com,$2a$04$mno/Gk8U7SwMJQusb26HYeiG9ANk7.yfgFcJ6gH2/6dfAUoDrqMla,draybouldg8
fmiallg9@fc2.com,$2a$04$WCQuQwhIDJlaZBwy3SNHY.whekeuf9VvGC6FASZlooPfi.2RXLVke,lmattacksg9
murlichga@dot.gov,$2a$04$OCEF/yGkcFdQd7XQGgBDtej0RwgBLB/rADaNXhLj0mPtCBY7NGFvK,aclaydonga
nmackneisgb@squidoo.com,$2a$04$N7mgFCgkR0i9HWgn35uKlew0l8WbnvGEVFDu3XCL8B3Lo0KnxUR0W,ewoodhallgb
inannigc@patch.com,$2a$04$AfsfPQhsur3SU6FaFL4Kf.VQfE5t1KX8NdZC5PL0.7j9pCiT1N0rW,gjeannelgc
bbushrodgd@admin.ch,$2a$04$aniwUrd0KKWiIRiGqqcNkOMpFO2or3JEUyvwop308S/LJfcFg/B7C,hsisnettgd
rvasilenkoge@dailymotion.com,$2a$04$Fr7q2si74K98C4XHhwwvdeBOQ1RltM80pDvO3mdoH6jeArA7aVpYG,tculletonge
vlaydelgf@360.cn,$2a$04$350vBol7G.WrfKHsnbgbw.BN/XPynwKYrB0iuTdB/yXZCzUlq7BwC,alinnellgf
zhectorgg@technorati.com,$2a$04$SBQRru52Pd8s7zkK/4fU9eH3pNflReqA80prEC8ZwLbooMS1K0f/2,jroelsgg
owasteneygh@addthis.com,$2a$04$gfjRS0QEPxWHJKGNtrcJWOR5Amg1BJbD6zR5A2G1JNCs01kBbNYVy,bgallghergh
mhatrygi@illinois.edu,$2a$04$aXTvTTz/UKpQKRzlMzYOOOQ0fOzD/cMX0fQY10jZTZbHXIgMpelgC,tbleesinggi
epartingtongj@fc2.com,$2a$04$hZUO2jPobG3QOrmcd4u9a.YFx1d8.IR5wkO292aSwSQADqIDjVQMq,varpingj
kroddergk@hugedomains.com,$2a$04$cwm8hB23dAnsxZk7W2xCueSI7/auWUXma9eR8Sfhkfj7AVPoI3Cii,rsmalegk
rholtomgl@sun.com,$2a$04$RuRWWeVaSiqRU/jJ9MWfEenpzQ3qVapzV1xoK/GNe1zt6rztitElm,wlaisegl
cmeighgm@shop-pro.jp,$2a$04$NLznJrqMXI8bNgQ2J1r8AuxIAnc6TaHWQXpk3KgIBR1tb5DeP.IGy,sjonuzigm
wmacaleesgn@smugmug.com,$2a$04$mfQf03gsyZSmkx4bX9WqwuC2cejJ/XawMgcgwb2KYgHnb9S09E.Zm,rgierckgn
cslewcockgo@amazon.co.uk,$2a$04$2eA1qemChRShztAGnWK.2uLUVmedKDRevfHEcsV4afIL1C/CDHRj6,unaisbittgo
jkochegp@usnews.com,$2a$04$lkj49sqnm/m9/vJEizwNNumxdGVzuxNfLt72F7njq6aBZztzR/de.,tbradforthgp
mrodwaygq@devhub.com,$2a$04$PA7EGbEh.SKf8By/KlRlj.L1MwEY4hwNi9z4ARv19JH3omTb0G1/u,ghackingq
mdevaneygr@clickbank.net,$2a$04$JooaLgVKl7DFJVCZUGnpLecsUtAe3Iz/nxQBrF6ngsmInuYdPGdKm,mbonifacegr
dgoeffgs@wunderground.com,$2a$04$Ve/5xEMqF1do5nNi2p7zN.iRbDYVKX9YuFgqmYmXmHuJatfAFSOFK,cpeddargs
blambellgt@adobe.com,$2a$04$hYjYePs.rZggTp3Z7rX8ZOY1yLcgDf3/.dyeXtLjE73WNe3PDAFeu,icartygt
jpalatinogu@census.gov,$2a$04$yp49t9orW.OcBMDfZESpd.mu8PVppFvCgb5vGPwLo3OeXdScPSI5u,alemasneygu
dlovekingv@squidoo.com,$2a$04$ZCK9GqLaGbEgVdaarkB.A.KqPihiMnMM/Ajh7O2nouRFX6erUbPVa,hreedergv
asallergw@blinklist.com,$2a$04$4DkWNEDn3v5JwkvbrWMU2eqk9P1D2nuhDUvMvTgdZrwUAsPyMCOlu,apitcaithleygw
slillicogx@cisco.com,$2a$04$JCWHZzE7Vpv4V.whn769sOQ7u5u2iJdEXU4JxrZQgq39OAqh9ie0i,jcorneilgx
hleggittgy@rakuten.co.jp,$2a$04$9vySb270YHmlzIkNUSQhZ.fci7EIzoNTkEUvc/4RcVQjlPiGutmga,sranshawgy
ijeacockegz@indiegogo.com,$2a$04$ro2Y2lpR2Y6KPfTneHvaG.fgs5/CH5zJ2cpBn7VR1wrnjYhT03X8K,hoxborrowgz
crobynsh0@amazon.co.jp,$2a$04$UMVHLzmWz3DpJpC8RVbAPeU7LfAbrcLb0K62iClhExWTWp3Pv1QoS,abowryh0
adonatih1@amazonaws.com,$2a$04$BKrjjm.0k3qH23RzRnJa2uHE4sbGqmr/r.lLghjgO4et/.1NYOyRi,jcowgillh1
oheddeh2@virginia.edu,$2a$04$a4M9w0H1f8G4DeNcL5z83u07u6dxHoN7AceX9NqCK9dZtghGyyAu.,jfreckeltonh2
irouthornh3@360.cn,$2a$04$GI4XYP60bbSdtoiq8OFHdO0Yqn9OaYoO4XS07XWD92Xdgn9q3eK8q,ptraiteh3
awinesh4@technorati.com,$2a$04$sGcBMp2ejLG/uK25ikRLPOiG1BiTgzCnTqZMuxEq7UoGhr5YWysKC,mbugsh4
bbucherh5@senate.gov,$2a$04$TWP7r/T7I0f5irT/ckQXOecOGn6R4x.EwUyhP4XnLu0BCQPmj1pM6,sstobieh5
ctilloth6@ibm.com,$2a$04$QoPChzY.d33Ouq2kubsZG.FgXApnxMuh9d3XviGoZpzkidbgCt.Qu,sjessopeh6
asmerdonh7@ed.gov,$2a$04$VjwGKc52HVW7PDVMVvAXX.yy2nHWcmhVP8qDdkOtzrg0tdBAcf/x.,csapsfordeh7
hbuckyh8@foxnews.com,$2a$04$faeCCiB7HxRlG0/3F.hMWuULv5lAsBfHFi7dXXnxWu4450cBkqOha,dfouchh8
mfrowdeh9@is.gd,$2a$04$i8xkGv7.rKiRCJauKoaAMOQHvffeSnTS8zmwg01fSb1O763OgQLry,ocurrellh9
dvolkeha@networksolutions.com,$2a$04$jRl.SWvOEcp03kPpM2lBKO1lAAk2R4abVoSLdZrR3/cZlh17JzwoK,rbatyha
gbaudinohb@indiegogo.com,$2a$04$jUZh4h1r9NJP0463N/IEueotzK8B6xCQqMZ4C0u.erWUNU/CUiot2,ibartoschhb
rallomhc@house.gov,$2a$04$uVZWJdUN60nVrsG8seW.ruR9iXdHWbq4X82v784LQ3BRNI9pi31gW,mwinsleyhc
ehartmanhd@reference.com,$2a$04$Q4R6wifLhlE.juoO8.T/Reyv1sksX4PJ8x2qa81K3EBJv8Mn2jMXi,runworthhd
rquinnellyhe@comcast.net,$2a$04$IMKWywxsyDcCTIdd37lOjOdnerLxzuBVMe2Gv6pY4DkrmuCjagCYK,jelderkinhe
pmalcherhf@dailymotion.com,$2a$04$Vm.eIdxD0DSxBA990xuWQOSX53AZa6kuPJw2dZl8kj38FiahlmMdu,szumbuschhf
mmacelroyhg@wordpress.com,$2a$04$T8MqF3QD7EA0CzMt41WQLOe/FhCC.9KC0JDO3MkPDGlnrL3QJxYbK,awelfarehg
kgiovannardihh@disqus.com,$2a$04$qs0BBTM3FOyMjTyqWMo5JOvR1H73fsN1F1HAbT5nmPQ1LPicueHBC,vtrevorrowhh
apaffleyhi@usda.gov,$2a$04$Nam2lZemb.K7uI3Wxc7pqeFECPTRUW7BChSfH3qpQ2v62ikqPqZ7K,rmilliganhi
kshuttleworthhj@whitehouse.gov,$2a$04$ZKGVsJhXmCGQl2iwL5.wGuZLG6LNSnjMMxihDM3RfyHEG6/sxcjom,msprigginghj
bmonksfieldhk@europa.eu,$2a$04$S8E5JmEOiSDbcXI7IjbYDuhlVguEVnpjOpP/50NKEsCdIde5.25OG,mashelfordhk
csainsberryhl@google.com.br,$2a$04$tFZQyFEuP8Go6stemSdDsuwb59iMNi5fHC/o.zhFQ0mYDkHZUUhce,cionnisianhl
hhaydockhm@timesonline.co.uk,$2a$04$ziCTvFjkq7YmcRbSBlZLEeOWMAXKtMAKMOqFy9YKNtGx5HSyecssG,cmowerhm
ilevinghn@rediff.com,$2a$04$xaHYCQ0xjZdLHkOsLx42DO9rHbXRnra7Bt0iPmVMvxl2fztizvg.a,mcourteneyhn
rpescodho@unicef.org,$2a$04$drjxxkpnDLnomIoN1BqF6OL7ALqwWQyI/BD9380rFVRnWJ5i9ouiS,bjenikho
bbrandolinihp@fda.gov,$2a$04$ZiAIpHNy035MlUcU7OGCMOXL8PyuZWWAJ7JxcCVG5.1GW0C5j8p9S,rfayershp
ecopoziohq@ihg.com,$2a$04$V1ImLxmt6KaW0gpKOt4MheYMlMqsm/qPRfSU8VvzS/jZN3mW3WTom,ptomaskunashq
paustonhr@lycos.com,$2a$04$zWyZHQgxighp36Rk3YlqEuL8hYqxsgQ0yGFlasKTcSNvA76KGuBaS,wsyreshr
scrasterhs@dailymail.co.uk,$2a$04$NfzfMESO9bN29v3faryU7uWaxMFpWFpMMsOZAso2O6JkRv3W7EbXa,vwikehs
hjanuarystht@booking.com,$2a$04$LsYlJ2zU4hbrfPbzdzPqaewwuPXPhZvUtlbmsRunmwBzpUxiUB4qe,mpanterht
eschimannhu@geocities.com,$2a$04$TjF38BHQKcaPmUmYA.dTLeqpaVzTvX1Omu/9bmqI1Yvrzx2JDhM8q,idarbyshirehu
ehuglandhv@webmd.com,$2a$04$Ts6ROeHfNp3kxCxvqwWBIe3UJ64WzIXBcOEwPP6LbQ1gGo7aSldoW,wjergerhv
edubarryhw@pagesperso-orange.fr,$2a$04$/WUlhV5kqEU10ULdSDgzUuN4MsZHvvdcb6b3BeRol1hEEaYV.86im,sgoschalkhw
iwebbbowenhx@si.edu,$2a$04$rrEh8xRUml2lVzd1a9U0bOmNo79N126VvykzWtY4BKspZnjaGk0xK,flowndesbroughhx
afrancklynhy@furl.net,$2a$04$wie6SQC28olFpcmrx8qS6uhZbnw4aRdsACkTfrLqnHnsVBeeCJpNe,rlejeanhy
csmallridgehz@vimeo.com,$2a$04$Wm/y2Ed5r3qzhAHmGILxtey1SvtRFEU/YiGhhDzf0XtvYvgKQUZAK,usimenothz
abraimi0@pinterest.com,$2a$04$rEIZ809WmdWkVZ76hSFisudwlSuQlJoHgg9wPrmoxLW1lGSA9Zc06,rbidgoodi0
ehanniganei1@so-net.ne.jp,$2a$04$6iOTak.wHHYgZsEvGnRlZOntTtnyvApvOHPTDvxQ/jTh01H2NuXdK,jcutmerei1
acannani2@virginia.edu,$2a$04$cz2FCg2aca8jdJsUDjeaMO7WdpbOrSzFp4XxvMmAc6bciKS6GFXV.,dpookei2
jvurleyi3@wikipedia.org,$2a$04$N28j5kMK6z15ljBCevo8Eum63aA6iWqKEfKBRyDcI8NEMJz58OgXK,pelvidgei3
kleeli4@surveymonkey.com,$2a$04$zrjh85FDdjB.SnKbElmW6e6.m3QgyWgp0bP31SA4./Euq9HrPw0K6,csawfooti4
hnorquayi5@cam.ac.uk,$2a$04$kLdBNuOOwoXS0dGE3zMDOO.t2wSqBX2piypY5qxWDBm1ffBU/SixC,acrampini5
ywickardti6@marketwatch.com,$2a$04$5RRxYafA7qO3XTplhPy9DuVEJ0raTAkqzozJ5FxNoO2z2zfgVATLG,ktofanellii6
mgeertseni7@who.int,$2a$04$kbHDAfzhRkA8Kb8EljqXtOjM6Qhdw8eWJkthOTGMiglDZT7ohT5Z2,trossbrookei7
hbeni8@twitpic.com,$2a$04$aqIOSVpotJt1W0LGdEYxS.gCPvp32foPrIbvSGBEecVWAqQ5z0HZi,cteffti8
lassardi9@loc.gov,$2a$04$73NBKnsSsTCyFHDijxHLPumcz0LRvI.riw04v0mDgvuyaLh6oiHXC,awyrilli9
lconnichieia@google.com.br,$2a$04$xp6lUTPHpPPXwlFE1fSYN.Bd3RDoX12wYlzsA1gVTvpmqrT6By//S,aruoffia
aegglestonib@ehow.com,$2a$04$4WS.NBUZCu3B0fsBPzn9ZOLFXE.6tLcUB1x/VAx5EDgy/bYArHELO,ssehorschib
gmorffewic@ucoz.ru,$2a$04$.8MsOJsrSfNfOJr0Jx0v/OewCGrPnVy9zmHceC3yRF1xKr9Yp6Hc.,aishchenkoic
ahaddrillid@mozilla.com,$2a$04$VjfxdIJmwjK8g7YxkUPAwuH6PL6ldsPgVjAR4LKrblU3dPPL3taGy,mtomeid
fmcsorleyie@walmart.com,$2a$04$roHzQ3I5t89ijGl2rEN3.ue5Wvvm3Gw3YQYMZ0PK.mKgiulZjPi6e,emushartie
fstampsif@npr.org,$2a$04$1Co0hxejNmvhr3yf0aHidOTADiWE/hzSxW3aeKn5TLUiIUi99byya,ssweetingif
llarsenig@imdb.com,$2a$04$UKZnNO2sdbALWAws7z1iGucPHStHn2OQpCQDOzdF7Kb69MNisFite,cwipperig
dshakesbyih@ihg.com,$2a$04$Szo0OUlx4hbqauj4vkjdPuSc1eIe2KDp6KL07Pqyia1dE1ZdHLyy2,acranefieldih
lvallenderii@wufoo.com,$2a$04$pQjBTmJIM9TNFhG4HfPpnOFu7yosm3MheV3DewkhGHqN3mPka0qMq,chuntleyii
shobbingij@sbwire.com,$2a$04$xssMcLmss2rvaDyNzH6U7e5WIEdsA.E.c5vq/s3wIaIrZPYMiKVa.,vdachsij
kchasmarik@paginegialle.it,$2a$04$BCJPzd2Mf.jmb7q6yjN80.WmXUs7VMc2DGiGHRM74R07RjyqjIFs2,slebretonik
lreubleil@netlog.com,$2a$04$zz6tpPx6Ane7ut90.ZM7pOd4U.uD0GqkffJpwpHpq0NnGwpj1h.ai,gdockreyil
rquoganim@stanford.edu,$2a$04$mWoaWFFhUefE1vwsVTwqou7XHk6IQ.SlZowPmbO7.a20xqZk5GY0K,ybromeheadim
fbutsonin@ftc.gov,$2a$04$saSXz7.vsgE.Ai8DsZCdlO7os9mRfg7ry6aCD7MkPJkCKkqiayeVm,gcolloffin
alingleyio@latimes.com,$2a$04$0h6LHsBiRkPqffTbG2JzAeNO0V2wcluxLzIsliQI0KhRBJTKq9d..,mepineio
mdillowip@mapy.cz,$2a$04$8NzCgroTyUUDGWNsmHh.oeLUGzEQHkXCOM8NzxSPlw6GOVxMcF6MC,pbaudreyip
wgligorijeviciq@sciencedaily.com,$2a$04$TqbSV75dlyiW747dFzspG.BW4hdp2xmZ1iUA0Vu8L3PCaNOW.ascS,jbalwiniq
lstovesir@t-online.de,$2a$04$REm.WXnl5muPL5pBDKbyzOPWTUciX2SFAJObnozCHOO13e/XoqMRW,wrisbridgerir
dspilsburyis@wisc.edu,$2a$04$s3VBjqI5JiLHiqUATM1ABu.pWbui/F.flSD7AsDqW9o8vm0JVMdQ.,akochlis
zbrydenit@yellowpages.com,$2a$04$LnXBoyqv.3gqo/4thpfM0uQ7OMXk68pT7ii.r3pB5mRcvhXRQwwum,mredmileit
dchadbourneiu@delicious.com,$2a$04$A4L24YgqKS0qIyxoKDZVq.v9YT/q6GjBCD29/GyQhQ0TsSsIg/qW2,gmcswaniu
abartalettiiv@eepurl.com,$2a$04$diCIvMG/ap/cd8TRu8ILzuEK/dNo9K9lrY6YFTDabGVExC5Nsb7uS,gscraftoniv
mambergiw@jalbum.net,$2a$04$h9t0ACHLBR1LvagRblBCrexmNV0QP1GHf2oga95GYJtcbedpB7aqO,cshippeyiw
acalderoix@csmonitor.com,$2a$04$qaDcsWPRfgyCmvCuP4c8vuQsbrOU4QUWdTxwJuVbwlYP.0H7isxQO,aarkleix
nkirmondiy@purevolume.com,$2a$04$qc4xpydqGnRAE7ZCylY2VusoLXztWsYbHSovj/xCzqr6n3V5KYCBW,plafayiy
jcoliniz@twitpic.com,$2a$04$k5CY3LzYNV3BdmtCxrQSEeJkbGaXJxe5ZTyj.kHg7na2APFTZPh02,mleyfieldiz
habellsj0@webnode.com,$2a$04$2ca99JBuq2WA8w6B29V9XuI9oJwdgHUxVcfuRGe3HZeNXftkDaoVS,rdellaj0
drudallj1@telegraph.co.uk,$2a$04$7Qu6435kgtfuA0fUc1u5yusqy6g3ciHC0FYeRGTEzXj6vHzu2KtzG,lgiacomonij1
tswensonj2@ifeng.com,$2a$04$4expwzW8kYQ/Quccrsz4H.QtVxALLH5Pg65NcJUZYNU.EWl7T3wlu,sriccaj2
ogrennanj3@dagondesign.com,$2a$04$yqGZEa.biH6o6dBBxTHSceT74hydawbAn7QvGFjpH5ha7QxBfqVYi,kgodainj3
msiddonsj4@nyu.edu,$2a$04$t/CgyjMe5Usm3l5r2nRBfOWtlw8M.bLp.nDeoKLCN32iGyVu0J0t.,jvousdenj4
bmessagerj5@engadget.com,$2a$04$wDo7QpAnHfvdqrGkBixyR.XXrQSm.RLLXIGYxZLi0ISGlganHYZc2,kmacallanj5
kchestersj6@cnn.com,$2a$04$4hCtewyrfoU8ECNZYXU3PuupJJP12TWi7ZBCXja1F1FkopDi4lq9K,pcantosj6
sgodmerj7@shinystat.com,$2a$04$ziYSBjUja1x3oq2qXMxrWe08xbdDI7pf4R5PHXAgR2EpE84iCjW/S,vhenriquesj7
kkitteringhamj8@squarespace.com,$2a$04$.KXcVqDcDQc0.LgCe7gHbOw3Fb1cjVFscuQCM2mlqOC2KRPhsEhPe,fdunkersleyj8
messerj9@51.la,$2a$04$ZLdggiCPE6UP/I5FuM57d.EshybuEz9GuHOmkL4xdQIJ5DzpN0JaS,toscallanj9
eblinckoja@archive.org,$2a$04$uVtb3oka/PvtlJ/iMw8wnOMQKpdgaMfAy5GrFMAfyeoUs02eghhP2,llindseyja
zlongbonejb@example.com,$2a$04$9IVLbuMBDe3N/JbRfe.WKOTMP214KmoYnZsDgd8GOhBa8uGTsgyWC,dthorndycraftjb
nachrameevjc@slate.com,$2a$04$WlQJ.xfhhh5bDVF0zyehmuns2GgEH/XHqBwU5hsRK9FkyWbCPcnJe,atanderjc
jphetteplacejd@indiegogo.com,$2a$04$MyBcWAOJWP/kKw1eIHAoRuzgRFruyleEyPmy5nrHI6ADHVLSbu5Oq,amanseljd
wmatheje@hhs.gov,$2a$04$s3jS9Iu5gbYrR6VLBAFffOzkeyaVSbTTGUslk/DRcfHmOQ3FkE3E2,fhisemanje
ilaurentinojf@digg.com,$2a$04$a/OuhF9m4YSd1.y0dCwKr.ZEWc4/QJ15R3vBvfjfZ/p6lL3qScPS2,vmoirjf
gstockfordjg@skyrock.com,$2a$04$bsDAGWkF53ZKoGY/lQFIi.BLaIKXBQW2KzmS40sXfiAZVnMoeCPxS,mswainsburyjg
sriccijh@ucsd.edu,$2a$04$3.iPu9WOIGXWr0cQIgNLjOEbyik7X21rAme7XZ0k1IwrdALraD/ea,lberthelmotjh
dthorpeji@fema.gov,$2a$04$efVyAc5fFA4yPl.f.m3PHea6puPp/59OdrQ/25kXsYN8GT0alasYe,rmiddenji
mgietzjj@plala.or.jp,$2a$04$XKEDYvXNMyjPtWcfQo4R/ejTx70PjAjPai7nSmj1IGAXF5aEOBz6e,ptoplinjj
jchancelierjk@dell.com,$2a$04$3z52tfZju//MUb40ha.4L.i3CxWn0QuaeC.Ce/6FwY0B3YBE3J9Bu,hhillockjk
ccuttingsjl@google.pl,$2a$04$T/Ll0iLpzAavfj1mu5oAuOY/nWFIJ.gcu./3z3PNpIHZ0eYqhMbwu,lgoodredgejl
dscollandjm@hubpages.com,$2a$04$m5g2S3dxRfONpucpa5zTCuzZedXzg317Tm/5fCTLsaYsy.3QvMcUG,bcastjm
hmathisonjn@mit.edu,$2a$04$jreQiwK5OZIUpo6dqZ.3i.aOdbcpv3.cKbTt.BsP/3yEM1oxIcj2S,akirsteinjn
afunnelljo@nasa.gov,$2a$04$Q8Wbl1ud075VypwrHGOud.UKs7ujg8Koi2RpDabvdjJeRRmc.ZMN2,chamnetjo
mcastledinejp@nbcnews.com,$2a$04$vCChopa4TRThBYPuyROgwOhTXNrYFmEaqiVd7Kj/NqZoQqbzMcm6G,jconnealyjp
jsmithermanjq@alibaba.com,$2a$04$fUaSsKIJVumQyJENaUtKJun2lXfUSWB/5LuwHOcJW6pLuGM66LYc.,gstickinsjq
dpenninojr@google.com.hk,$2a$04$u.g3o.XxCz2iwfEiFODn.OKV3fjE8jsTYmBDEiQi5aIQ73RuuOLtS,tmacrannelljr
cmyerscoughjs@vimeo.com,$2a$04$N3Ozv5Gg/xF3xDW88zqLJ.d6W8WqRu7e9U1JCI90MSxo4Qj89gQX6,ilookerjs
cloudyanjt@thetimes.co.uk,$2a$04$sc7fvZJiTLlLfWNMcI573uK22Udaq2ShPgJObhY2L1cqh14YYy8yK,gbrittlejt
plurrimanju@home.pl,$2a$04$1BGUOaRq9BDB9jG2VaYTh.fHJRzVNCLyQgoI6eQD.bddn/9os7F.O,umcfetridgeju
bruffelljv@rediff.com,$2a$04$w9cw7lDP.MFwnnAG648.EubVsmKedN2D3xU0F.rkPtpCh0cjIw1eu,dhowardjv
kbalchenjw@bloglines.com,$2a$04$QRp3XLLWoiB6GvZD3Qu7reYH.v4WS.9IPOCVJWz7SbKmC6mx2q642,gkinforthjw
gnelesjx@issuu.com,$2a$04$kd3qKR18.N63ZDIn9xB3feE9w8U9xHpCYBJGthWUgtLYWuq3ELprG,wattreedjx
efleyjy@mozilla.org,$2a$04$M4PJYJLpDLCg0CralbIiuew9JlX2Wx8t5lEOp8s64eVG.u/2BudfO,ewilmottjy
jlukejz@cyberchimps.com,$2a$04$ewHb6d9asbllmrEuhT1dpOWD.qxD5KCl2gvkmb0f2x7AAFQOx3ppW,nsimpkinsjz
mmairk0@163.com,$2a$04$6Xtu9p1EWj.cAuxzsTjcMOyE3fL6R4a9CSDz6O86j.SxKjBFlC4LO,valgerk0
orittmeierk1@canalblog.com,$2a$04$Ce6CIGXi9bKoFQtOoHLxw.qySCq1WPpBmCxIVHqufzQaidn0HAHda,jthomersonk1
acastagnak2@alexa.com,$2a$04$3OnSWunJKLadKDPn71SRLeLBiI3S74uw.mSlqjyjK3teMn82z0kGe,abrosiok2
phindmoork3@mediafire.com,$2a$04$we3Fl4MkYjEwTSUjCesL2O0r2aOxLMlK72oMX16Ze6CYO9nB3AXZK,ystygallk3
bcrittalk4@plala.or.jp,$2a$04$3.UkNcf1Y38eUxaDy.zm.OgtAP1Zg81BtgTfptj2C1zR6YWs8PoLC,ajozefk4
kgarredk5@pinterest.com,$2a$04$wZ9P.JD8bELRwZmKVc5aXOmmeEHRZfITawPAQL3N8YC8HeSh3o03y,dcardok5
vbecarisk6@ovh.net,$2a$04$mdleDxhbDH4BuG9UvEWDmeahShwgAf80o4ZQVyPvEpY9Ojapuaj/y,sdavitashvilik6
mardleyk7@amazonaws.com,$2a$04$AHjxoNLfbgKog/nl8sVRRuoLb/sTe/IqfNQqFL4c.YlSb9RdtduhS,hgoshawkek7
agudgenk8@ocn.ne.jp,$2a$04$c08VbycwtF8G2mkyqhOtaO2n0Eqdfe7dt/JBcHNpJjhXTGN31C4gm,hmolderk8
salesk9@tmall.com,$2a$04$JaUnI07dlvas.OOanU9rOu2BvE7xwMhAMBgA4SFVqW/OHFgAEW44q,hstylek9
jberfordka@clickbank.net,$2a$04$EjmRK7u84bXCI8foA1OJ8.SixwJx3q0LRQZ8z.Jb/B2vGlHOZAegK,icrumbieka
hbeesleykb@uol.com.br,$2a$04$NRk8d3WY1c3YLXHf3OZGt.ucKqiOxxIlfyXgWYZr9DOMcD2dCCYhK,tgorewaykb
rmaltsterkc@arstechnica.com,$2a$04$clCB274FFLljDEshjs8g9OYHkr2vjNSHbZBW0PidO3raXoQ92yEHq,csedgmondkc
rsergeankd@boston.com,$2a$04$tUbZnxcClnKKH8JwcDIVcOO3Zr4iji2LdlbZLszGC5ht5xwSXHQhm,hsindenkd
apratike@illinois.edu,$2a$04$EOutezf/e2mzuaJpubHMOurKj06.m/eCoVTZl1hx3935pDt55NRKG,ggleadhallke
dmizzikf@shop-pro.jp,$2a$04$CRHG.ridCQCxXc5BIQrSne7Bq56dfxmuyVMb.927aYUS8GRj7R6Oi,yozannekf
ctorrejonkg@mediafire.com,$2a$04$ShRus9OiCqP5wzid5JaJ7OPLtg3X7rrb7O118IXLsfAxpRYjNOqWC,ktersaykg
ncochkh@reuters.com,$2a$04$ni1cX58drHFudDRkd.7Y4O8nzoGlNNoQpKlbJjCzXllObUnkOtQH.,shyneskh
mstilgoki@edublogs.org,$2a$04$/IpedWHYApHDOMtw1.Es8OBNE7Z95fcdBJTD6lBmgDCWxKfv0wpAK,rarnelyki
gbootherstonekj@shareasale.com,$2a$04$Ytnqr23SWNFYUkNvhHl5p.KMxI0VhF8RiK3MQfeap1GRDDbE//cQ.,ydronkj
bpollicottkk@springer.com,$2a$04$/1qAgul5.jFxrVPNDuBHZ.b.FJjG.XKG1U024DCSBREf5iv8WbHhK,vtomanekkk
whaillkl@google.co.uk,$2a$04$TPlYbPleBcZ6CHARarfNouQy/vaVxgVLFUCKVS9r1FldrFshaSaAu,sbroukl
mdeliakm@fc2.com,$2a$04$zc9fWLjjYSq7UNlKeat4YOfqD4EhX8z38TYaXMYfpbvFER4rrAM8K,ppuckettkm
wstannahkn@trellian.com,$2a$04$JDG9Le4z5DrgcfaNcwzULuNtpRsWEPI/ssnWHCTdXmOPGFACcLpse,sfeldharkerkn
ctheriotko@craigslist.org,$2a$04$3Tn0OewUmSSCm/Si.8/P/O6LOY9LJGDvHqsJBZYJu997OUZhnbGei,einmanko
dkubickakp@cdbaby.com,$2a$04$0CtTPqTjCH5VeAvFon5/5.UlbiwpS9HPC5t9UohCatpEYs4oGXZPC,cstandonkp
wstellinkq@ted.com,$2a$04$VpzZcO/4L/b7SrQ6e9vsjOU2.bHXdEBCAKQZrkrbsAcPjXU78VxG6,dmacdiarmidkq
wdalykr@arizona.edu,$2a$04$cgikybb4ovvPxNbakEl3P.s1mi1l7USamMNXCtBfo2GH7/4USpA26,jgeggiekr
pdeetlofks@surveymonkey.com,$2a$04$ZHi.F5aQVY.IXipSDZ6F8OLxJYoARvl5Rx/XwItrvB4e.7du2/w8a,aroseks
mburrelkt@eventbrite.com,$2a$04$KIuFp0eh9WkWnj5DPgsmhORXJFV7LjMZ/Bf7o1LpaEULDgMNdFRpe,krapellikt
cruddyku@senate.gov,$2a$04$3F7R5U2L.qFnufWhMZlrP.cVp18WXU3LjkMIt2Z8BeQ2b1m6emcbC,pwadesonku
bwillemankv@accuweather.com,$2a$04$WXbMSCGh6W//p19O7xsIL.1lw6Hl1vhZsx9dZz4WTagY/xDDYFuha,lsimmancekv
respleykw@i2i.jp,$2a$04$0tTq1Gz7/yrUdTqA1AOIjuGsy1F24COZ6IbzQ1krob3UZrNGIshH.,amorrantkw
mkordeskx@sina.com.cn,$2a$04$X4WvA.TqbpfaOto2cq2O2.1aB7WwwYOAFXFAmcAGiGTFKJ2ysoRrW,frubertkx
agrattenky@chicagotribune.com,$2a$04$ze.WL/EfoyyIljdHFbThoO6.3toi.BaBpcK0JlFXK.J1smWgjj.Se,gstelliky
elathankz@squarespace.com,$2a$04$Dj0vsT4.a2RgdHkzM/e1zezAuf7J6fmn6JesJmAIQyjq4TZmipbM2,achatankz
mgeraschl0@liveinternet.ru,$2a$04$1cSUO0r6HxD1A27FeXGV/euwOjCsNSnhzHcanXV4azxQEfwCxjzDm,sgreenel0
cfindlayl1@trellian.com,$2a$04$qqE9oYMTCsbs16IrPRPJaeEONCMJJM3v1ht6ANDqgNXacjx367jLi,mrubertisl1
ldudingl2@answers.com,$2a$04$nQzhFwwDihDW1RBYUQvzN.jqCfeU3dGPx802pZhCq0Qlgp0c5pUmi,ggettonel2
areamanl3@about.me,$2a$04$Pc2yE3baO0iyCZCoSlSBL.6DvCVB4U3KoyIg3ViNrihETmcuj7oiO,jspauntonl3
karringtonl4@sun.com,$2a$04$QiEsDyYQSCEUgWq9kZG4ouOqLI2yzvbwfjxoaA06fwVjJkJ.AZIhK,cfellinil4
gbaskwelll5@bandcamp.com,$2a$04$VRHGv4ex3MfWY7elYPPRjeUcwAVs.S0CxMNUlSzMrfTWHFAc4J4Ai,kyanovl5
dpaskinl6@icio.us,$2a$04$C2iFuWiDqMTRMirCBTIt2erPWl6dsPD0PB3/Ep2ZlaV6E8E7hRX2e,vvosel6
cvelll7@over-blog.com,$2a$04$YUAVshKMhHyNSXwkjfK3m.QUoGCIOXO8D0deTrPYMMwP3S8Gvdj5G,jwebenl7
lmatthiusl8@china.com.cn,$2a$04$ZrgjR0R9jA8JkDIDprSMB.JfXNuI3YQ6wIYRQRquCXsllZ8nFooTK,acrombl8
acuttlerl9@google.fr,$2a$04$IQ2h5Eftx5mQGqd06dspOOvf4LqfqgYHzIyrKMb/cdBvYGNBWiWu2,gmccabel9
fpatkinla@mapquest.com,$2a$04$RUJNqcRdSiG.lgDUPthK.eMjAlzASFlT/UhH1H7VXveJUHPKUuqTm,jlooneyla
uklimontovichlb@desdev.cn,$2a$04$FFq1BSa6o4QZuG9ScW4xBuoAZDZuxjWRrQoWRkwdzoc8JAuJjqvvi,icuttelarlb
hweardenlc@myspace.com,$2a$04$APEtltgqds7FpDRpd44MV.8Rnf/UnL.5pucNeoTEjL7r8RphJFUOy,rbaksterlc
sharleyld@angelfire.com,$2a$04$N5dND6v9/b362Wcnmn1wIuDrWr1dszNIWQ/oYmVAqVjRRgUpglwzK,cgeharkeld
rpadsonle@europa.eu,$2a$04$8eh/zvrFTUoqcexLHow0iuHlQzq5csZFpMULIStwWbLApBaeKOcPW,lgauldle
ddanielslf@reference.com,$2a$04$sSwdPlU2bs2jBts73ye78.IEKDlji.GaU/n/VNATrSt1Rk1ZfaUXq,rpenyltonlf
ldelamainelg@unc.edu,$2a$04$PnBY9nXNJ2yqQ9le.Q2Ii.fo8e8teuOAWihcybcvPMayv1jxFv3J2,ftilburnlg
jetheringtonlh@amazon.co.uk,$2a$04$UhiGWTErppA42Ez.ZXxjJum8MeV5Y8yT4V6JQ2oX5w5W1ku3J2Diq,egudahylh
acawthrali@berkeley.edu,$2a$04$c4Jb01bODtAOUekSjfKO7O2/veg8cfDZm8//ZglNz8THdPnU/LAt.,aondrichli
ddennislj@fastcompany.com,$2a$04$OZ2dyfWaqyDlZqzUyj4rxeqN2NA4kaZ3H9slNVWEb5KZrg8yp42Y2,ldrohunlj
hbabberlk@twitpic.com,$2a$04$2rtQ7y7DCpbhlmhjmeVUXeO./qdt9m8KFytX./7iJICHZeWWBblsm,jcomminlk
cmerrellll@lycos.com,$2a$04$3EqEXgnqtZmmNuP2rQLKVuZAsIMS0QL0lODWGL3/eYJZRTHgA/1nS,agoltonll
rpayzelm@xrea.com,$2a$04$jnU0cfNB3altNnPzIOFp2ePsh47zQSRKQcodIhLQcnLneTbNdlQSy,ebanishevitzlm
nblankoln@nifty.com,$2a$04$rwIQfu7oFZWkZ.s5P3onU.rxJ6YLQtkBWZPOGrd6lGBY5QhagGbp.,egarritln
mjoskowitzlo@vinaora.com,$2a$04$s1wIPA5Fl.j4785sC88y.eJzoUiVl/a.7f7n91S3r8tllZAnlCDim,kstannardlo
ejarretlp@wikimedia.org,$2a$04$3aTSDuP9pNW1KA38HERsYO3d8evTgVH1lWzCIg2RxP1ZdH22vpscK,lfolkardlp
roleahylq@amazon.com,$2a$04$Uj.03CUy79L0TCrF/k/McuOszZNLYRWXKhgmMtnTCDsybmcsdHuBG,tocorhanelq
swrightonlr@fema.gov,$2a$04$b6QY4sN5N6i217eQ4wTibOaYhZ3TzI1UlSjGrSP5PzWVUh909LcaW,gmebeslr
alatteyls@shop-pro.jp,$2a$04$Wh5xV98AgwU7N8aW/5wVKuCR1.EZjrwxN4nTydziDeED3c1Ym3ZKG,trogisterls
wvacherlt@upenn.edu,$2a$04$hefs4HkF9sVirAmkAlbb/.aUbnY3PLiFZWIEib8QmNE4kqA6BaE5.,gparlattlt
zhollindalelu@google.com,$2a$04$cvItfZP.4AZ/uaUJ0p9Toel3C62UJ1q12IexLIkCA2oQ5zED2SQ7G,dmarcoslu
slangerenlv@live.com,$2a$04$tu3iNC2cUKH2PEEU16MLf.1f9a9ThVOVJw9rhwnNi0pSixO9CP4ne,dbusfieldlv
rcazelw@scientificamerican.com,$2a$04$pLYJhKBT1GHaeBs7JieWjeRWR5uGUeeeXx4dzIavlfsFzodGzDLNO,abattissonlw
hhandroklx@blinklist.com,$2a$04$adoedC62sY.fNCfAfO3wcuCvQNOMJ7VHJcPjut4qjuNkz4JWaJ1KO,npaurlx
rtrenouthly@cnet.com,$2a$04$3X7mFsEqwNKSBEstZM9iF.CHZ5XTwmOD1MNZgXtvPgb9qwlHZ/5Ey,jwoollendsly
mpanaslz@who.int,$2a$04$3Y/4Y1A5AdS8haFOnzOYXeShl7smbQhzs9.Yi0nwJkgCjCCG8MSrK,rcorneillelz
pnanim0@theatlantic.com,$2a$04$Aoukq7Qy4DBOlAIWsZqpDuA6papphVW2lm2/EhiMNLW9WV9msd4D.,rtreatm0
kbattersonm1@constantcontact.com,$2a$04$kWWSj.Ys9X/TwdD4v4g2XuLFLoNNlgmxE/OT6/IP6njrcBLcrUb7e,cchaplingm1
hpughem2@scribd.com,$2a$04$p0KhCDDZwpemFtVdjrQuIu.6UaQbDpBbrFFZ56l.v1ecgnPOPYBem,cmckeighenm2
ksankeym3@go.com,$2a$04$73sFI948CeqPTs6qsZICNurpuSS3GqcZgb.z99YA/CIR/XwQ7Ao5q,nmullordm3
rmacquarriem4@cdbaby.com,$2a$04$h0yixrPD3W2qdbhvpBvU3.VpWEzv8AEoBpnuQeJEBDwZzZOH.ELXi,hhousbiem4
bbottlesonm5@smugmug.com,$2a$04$bvys8mo9k.tCTsG6qpalrubRP.93TbBtu.DtIA1JPXXeMewMEw3IS,asilverm5
ecaswellm6@icq.com,$2a$04$u13Fq9iojoAdH6kjcY5s9Ouc7syCqTD4CiFT44tnkQtDFe4oLdumy,hsafflem6
rcogleym7@ftc.gov,$2a$04$jDQmuQ14pP1S/OpAKjqmc.Ot4koUJuMQJimzf/Pz/FH26aLoO9yGe,offordem7
esindlem8@de.vu,$2a$04$c5cB5asC2SO932uX/iBnVOTNjwxLlvkYzx79AoYcvmXn/N3FkF5Pq,wchevinm8
hmenendesm9@home.pl,$2a$04$47EBxtScq8nWs6w6LrRKVuIk6LHCTAWL9P5.mBz6f3E2RuRIeVjF.,dwozencraftm9
fplattsma@amazon.com,$2a$04$MxG84Bx9feV3BMgu6YfxfeW3Is1RIql4i9GzxF9Ln0G09yaSZMGee,talcaldema
ekringemb@loc.gov,$2a$04$3REgZC7Wb.Sq.QUgJDGutuDe9qyRCwd0rtUXdfgT7YoULLDa.Idy6,econfordmb
hromaninmc@msn.com,$2a$04$yAEVgzBCiGIpD8Sj25k97OWjxDVdzc5Kcf32R0P8VAZ1qVWuvPxgy,rtalboymc
cscocroftmd@smugmug.com,$2a$04$LDJS4gq9PX8.gj.csOmCmOtdRPx55DzGhKJQXfK/XRiTgMUJIbuEO,lbunneymd
abirchillme@amazon.co.uk,$2a$04$Daj4ti8e9d3FJYPfl53glOLKe2fh7VheLZ8vYUsfZuXLzRw1tuoem,dfriarme
mlindebergmf@guardian.co.uk,$2a$04$QMEHPyR6RRBagg0YFeGaueYjxiNy0SxyP.QyCgDyd3FlsK9cC/R5S,kpeeblesmf
lsandersonmg@ow.ly,$2a$04$nPhHVwI7nZKN6cxM8cFaZ.OILipuAZ.dUzExN3Qp13Bfg0xg./Bii,dcanlandmg
pgothupmh@cnbc.com,$2a$04$P21l67gL.m6RLHIto96jAeM/uCQO4PbeWggrkM16N6/dkpQK5zK.u,ktuxsellmh
hrensmi@csmonitor.com,$2a$04$ObzeME30SGgFcIiT7aoWmuYT59AijE6nO9/BWVorC5PFpyu/q9R2.,mbartosinskimi
wmazinmj@vistaprint.com,$2a$04$4I.Gx8QGqdxBQTdolXJfYuSev4IhYnu6jncU/OhdoX4OBh4Qodxgi,qwindridgemj
awynnmk@linkedin.com,$2a$04$hIixOmowNuRlLnKoa0rCXubN1Z6KFUvAendjYnxoAb2My.O/Ke0Pe,hwilsteadmk
gconfordml@oakley.com,$2a$04$bcV1TH8RJkEJGN0Z0iLCT.lDpcrGqh8f3M9ilcfYg9zK1kCPpZ8fK,rsommersettml
gscreatonmm@furl.net,$2a$04$i5Ac1qgEIHiQERb.OK2H4eWD6lFlK8keKz8nfaUlETOK4sqM8GxbO,ebertelmotmm
hwhitsunmn@auda.org.au,$2a$04$g/4ssz31gHJznm/p40zNdOeNOhsWu/6H0/U/WHqFDMmzWMuhclPV6,tkimmerlingmn
matyeomo@dion.ne.jp,$2a$04$sQaRDjqrLoDuiz2y0KnPneqIRJSroNIASyO3QGjRU6Snwesyyy0jq,amitiemo
gwincemp@ovh.net,$2a$04$hB67mIF2J6V8SVH76LwTB.asuJ0IaDzbeBzDDvAshQchp/utmLtTm,pgreginemp
csilleymq@shutterfly.com,$2a$04$OyLm8JzSVmgtZY3euAXYmus3ciVMKuFw0YyUbTtBrcRcGPCkRxvsO,wdruhanmq
tcoultasmr@bravesites.com,$2a$04$chxXj8wEXC.kKp7tPTlQe.hkOJmvOabdb5ecIigSZ786XUk/9W4Fm,rwedmoremr
fkraussms@xing.com,$2a$04$VGCzELhZ2W0F1U5d4CgekORO2HlVgzPh8KBRtgvGiIATRApBsny3i,pshackeltonms
efritschmannmt@mozilla.org,$2a$04$mmxTM/PB0CtgGwX.coP2x.qi1/EovGDXxc8w1TIjqhN98tphSVNaa,rgeggusmt
mstorchmu@imgur.com,$2a$04$687u2IMsAHH7BUovPZ0iBOFCdpxnADh685lsyX2o0eIaqK9Y3wH4C,ssiegemu
myersonmv@istockphoto.com,$2a$04$xnarfqlWsOBNzjShhAKpBeh/ERmLA73oD6shnQ0Cz1tfjQ4bSvH6m,lgiuronimv
afeldbaummw@dot.gov,$2a$04$2KdanAGlUSsSPEiAmxD0kea0Vupx.mN/TUa7TCh.dON7AGQEAKN/a,tmowsdellmw
cjelfsmx@time.com,$2a$04$4qfyL5CZsokAKnQ08BMBPeXcPRwJMikltkfXi1rcyhbHBOdwWKx5y,jcreedmx
csteljesmy@1688.com,$2a$04$PHBZr0X7N1hgHAT8CSGkyuyAgv6odEYdnPjVCZq5loEhD422CtyW.,tfaussettmy
sscanlinmz@plala.or.jp,$2a$04$6sc4P8APD0mc.jTa2024Ru1jYR5RVcpBfpmVi1/Sa1WMe4f7g23xq,omilwardmz
sgengen0@tripod.com,$2a$04$r3AAzHNzXDfDQ8226kSoreHpOSqiTHrJDMszkWRRAHDATMVWRjuJS,mverbruggenn0
sgallern1@hubpages.com,$2a$04$wC5lbObPgHE6PobctQFdc.0cR4G/KWYNGwaEEZQ9hsatJhBUyAjeK,pwipflern1
dmcgreyn2@ucsd.edu,$2a$04$YG3fkTkkVRhlL6sP3LkHIO6hekiCRrtTeLs5YpXVL7Pi1YWdPaIbC,rclemptonn2
hmariaultn3@netvibes.com,$2a$04$sbGvUTHcv9RK/0KsiNpBVu2TkpehliuJJz8uLgBoBJdY2R0Jwp/aq,lcrecyn3
jmcknishn4@google.it,$2a$04$axk2LWsm5ZpXDkktDCjGBuZisEJyZjKDVpG4dKdNhgNvUXjxfHGm6,mclelandn4
isinkinn5@nsw.gov.au,$2a$04$Sbwm3Hw50V7ZTdDGT3yn3uBE784CezEieizemWS7xTq28VBeXaKki,llandeauxn5
ctrundlern6@ustream.tv,$2a$04$P33K/fmnmhLjqPvqBWghwuA8j/d5oWD1LHsNGpNAY0/sHmfCKjoKK,gbogn6
ptriben7@cloudflare.com,$2a$04$qMOlcvUE22/Q5uQluqcBdubAEOxgKQ66JwwS.jXRPlk7XtNBSKl1W,keiten7
cblazyn8@redcross.org,$2a$04$QkVwWg/8/s/yAjHX.vHjEuJiVgX77vzNfhJE3oW25mtVqCdArypeq,bkhomichn8
eburroughesn9@dyndns.org,$2a$04$9l1deOkuW3oMQh77s6ux8eCika4I1A55AAihjwGZJwoRm.kkEVp16,npilsworthn9
lferdinandna@upenn.edu,$2a$04$4v4BNYJ7lixOm0SnhwEYyeULx/lB6erYbkMUPh842VHMZJaaHkP6a,jguarnierna
jfliegernb@si.edu,$2a$04$3h1V8Wf2YJDmQ9ffnV7eIOKSiNsmG19KlSvVPjVVqGD30cK8nslNS,nbeckittnb
wbrosininc@princeton.edu,$2a$04$aV8ZIgbjx2MJgoOKncD28uSkEX8JBpXr6uT43eb4j6Ik7lVLbQaby,aivensnc
reyamnd@g.co,$2a$04$F/H9u4yjktVed3lOEVixHORUb/S5Ybfbbeh2HUSWUrO7TVVEMxXPq,emustond
qigonetne@vkontakte.ru,$2a$04$MvZxlcj07nwkPnxDspfqTeDTaI/VueS65Vjmoqp5Omrp5atS814P.,gpetchellne
slantaffnf@paypal.com,$2a$04$b9ZHp1OqYQhtK1BVVmOCkuCHhOGb8dG0bYU2dkd.0VFj.KHDRhp8K,dthrussellnf
smarshamng@photobucket.com,$2a$04$cBZ48chM687grSvp1Owu0ufjzw8g71cosM.oqicxU8K9oHysR92Zy,eeckersallng
bbloggettnh@hhs.gov,$2a$04$jE8.2hYbpDHqTe89FA6WR.YjbKc2QXVUN/.7illsFM6tTBH0mAidu,apottsnh
ochithamni@joomla.org,$2a$04$kUspOHws8aYBr08BZhd8WekkDbzZJQsIkwn406F7ur8JJS2Mzhs1O,swerritni
nlovelnj@jimdo.com,$2a$04$zlM6M3e.qeeSYLxr00iPRuAq6Ad0dRF7jmEbH7kyTsSY9ccDc9o.a,jhellikesnj
jeadienk@dot.gov,$2a$04$t9353SKu102/ntrC4tTu0eCqID3PSoIpdr7uaAqXxNp96oXrZrs12,scoopeynk
gmaddisonnl@themeforest.net,$2a$04$lQufoA8BKXYbujqC9QQcxu2wXxXm2BkAFkY4Favz66PjFZj/AsNSG,gtullettnl
gjobbinsnm@msn.com,$2a$04$lVKRsDu8PMEST858RtpGyuM2VsY5KuLslQGbwaQ2UGseg3PXhzz3u,lcrosstonnm
eniesenn@hostgator.com,$2a$04$EQwaOPba0lj0YRGUU2HUT.U0hTIk3yCYV91FqIRvz6lPcGtzum0/u,rliversidgenn
bginnino@census.gov,$2a$04$r8rduRIhK74mdue/EUGj/.Qi151MEeG3CxlUed/upDISbD4Ntk4nC,myoutheadno
hcicchettonp@google.com,$2a$04$818A6NSIZ9oFqK2Ag8sFlO3.tx60ncJTQx2GNEnIAGU43saE2SZXy,jbabarnp
egovesnq@multiply.com,$2a$04$c7zr65Yw2ZM3.MFdhz0NNOKss99CCkcyr3a3qWdTVnOEMKLJCamJG,ckeirnq
dbeedomnr@foxnews.com,$2a$04$ygzXptcTIUbBNBOfh8MGBu15c83QjJsT63cQD8WfBUmjWSEIvcVOK,eadamenr
ctesterns@angelfire.com,$2a$04$AHgRdjFtYziJIKKLELYKIOjz6IMqC..s3wjeAPRswR/7UAjT1Xueq,vprestneyns
rsleitent@ted.com,$2a$04$QkUFylN6fq53y.YpZo1IAuFULd.qT4i4hcoKrc6yb2Db6NskmN9/a,akubackint
hvanhaultnu@livejournal.com,$2a$04$D6SjUvWfWKGdxoqTYAd9ie/IlWT0iLqrAehJek.d3f/DtQ51RAMeO,tgerdtsnu
jstapelsnv@typepad.com,$2a$04$G8vjYyjBRVEIDxX/mXx0FOt5LDXy4EoznTA3X8QAFenoJ2s4I.BnW,ataffsnv
lickeringillnw@joomla.org,$2a$04$xuFxPDJaLgzsT7vIEPds2.6XPghdzldaUC7zpTzOgWC0tMlFXiMXi,eesbynw
cgreensetnx@vk.com,$2a$04$g4mGsq/I/uuPnNmmoS5mgO0QSCOVhvR4ehBRNn2yrd7ktphRw0T7u,ggrinikhinovnx
mdigginsny@live.com,$2a$04$0TSqx48jguOZdjv5/XxQyOSrbxbkmH04Y78PkRAqEIAVuaVLy8Fd6,lklimentyonokny
nhawardennz@bbb.org,$2a$04$pwuST9Nl88/jua5ocajcjOq91ybS5pvgJMGhti5Za71sTy9z9N1IW,kmatuszynskinz
sshakespearo0@amazon.co.jp,$2a$04$XmF7QMcG5LM1yufWjPbk0e3lP.CVLDQeVoVI.MufCgD8q.2hI6avW,gfukeo0
wsommervilleo1@hubpages.com,$2a$04$EOwSx70KufD2BKBWB4AJaO5KQwazcTIOeMe.erJDFX3LIiD5dfqke,kbonannoo1
gclosso2@msu.edu,$2a$04$fnQjpOBbTKIftSKg1pKbLenhdxj9LWt6WXJiB6op2dyMdSMQT263.,aaxtonneo2
lmarkushkino3@dyndns.org,$2a$04$QQoj7xsanpb.iCyCNm5Y4.xo7kvUWaMAvH7eY74Rq87cqSSKl1/6S,hvergoo3
riddienso4@free.fr,$2a$04$hBndTTPABA0XEwBGe/nPJOr07ukL6attK5Bty1ljdq8OHaW5KbAqO,mtassakero4
fwalburno5@ebay.co.uk,$2a$04$VPODPWZ7Gxwttbt43.cKr.CbHA5YXRrTzUFeQg/ORavAO98.1vtjO,selcyo5
emacneillieo6@wordpress.com,$2a$04$3T6vtzGNEAw6souVdqxyO.2dB.MDFS0s9DNfdKT9DnE302agvoLA6,izarfato6
lgilhoolieo7@themeforest.net,$2a$04$ohQGpnXwHkEQnTyJavXgxuLFyF8rTTSkscxpHF3EYeGBti1bwsbMG,hbentjenso7
dbaumero8@lulu.com,$2a$04$/Xuo89O1FBZRWzQGIgjXXO7Z8v/8Qb8L5vT2B/.BHCk0PTeB7ZvxG,gmcconnello8
pcastanieo9@omniture.com,$2a$04$UyFJy6sC0GPKeeG6mQcageeDWZIGRmO6ni/TqBOFCwttewMIvnMTq,lhuscrofto9
kcasottioa@whitehouse.gov,$2a$04$exLQxJQNwrE1s/lQCsGdlelVYrIIT9RvAtDQ6fA0zR.tRzvujAvfO,ghonatschoa
opertob@nasa.gov,$2a$04$GLHmeAqzhH8A/0iFhFiaz.S.l76UTtL/EG3wW9IKW87j0MGvWtpFC,kkinnerob
cbellissoc@europa.eu,$2a$04$h9kxSiuOauAPVpWpogAUWO9X7bKdnk1X7W71dWToDugBwR2JYwz2e,phaggathoc
pcrichod@foxnews.com,$2a$04$34mHY6ccCNba013W.2ep0.xAerIryIUO0O2OdjW98bmhr0MlBJRl.,dperotod
fmonanoe@macromedia.com,$2a$04$satybKAy90teSkhVWoWWHuwi.T.vrVJBOcTVByoM2DWQbxipP3ZpG,mchapelleoe
akellittof@nytimes.com,$2a$04$1W.W11jLDAAnJ3VUuW4E7OlXXc9DRuLL2mPIQeGeLvPTU5hnD9pJe,bbrightlingof
mfantoneog@buzzfeed.com,$2a$04$UlD6g3PohVOTBSow3DiQKenzii5kKonOSwbSbOKusiJbeDJ9iHJHK,eshenleyog
fsacazeoh@craigslist.org,$2a$04$2AonQIoqFrM9p73ok18wueHOwxpXbkaETcUWu1T.c2Q.JuOQTfbaW,dsimicoh
rdaymentoi@wix.com,$2a$04$1KKfm.s56.DOJGql0MJlvubCrzPVllDDt0hQDqZgcubyVAgFL9yga,gdaughtreyoi
jmcneilleyoj@github.io,$2a$04$dnzcIWJL1PQTfLQiqANm4ufOH7.4kWN.4uXkN4fPj/J581BxcBB.C,mogriffinoj
jmazdonok@youtu.be,$2a$04$aaoDlpvARsCniaILv4LCZOVePB9LuEJnfJlpo4an7b83ejTIwQpea,ntidballok
ngauvainol@loc.gov,$2a$04$F6JwDKdN7oy4E4oAkdJRLO8h5YRXx21v/MB0GGHKwTg7RJ2VwcUZy,vcheverellol
kbertomeom@kickstarter.com,$2a$04$wCGLdMmg0UZXtWVf1oaIY.sgjgubrqmYwO.cE1bXGk2njQULPVcpS,dbouchierom
dharyngtonon@theatlantic.com,$2a$04$gjfplvtSEOQkneQQ6LilWuCtQI2LrRqlt8YKuWm7zwkPgCipNUsve,ccharityon
ldoumerqueoo@army.mil,$2a$04$DB2tXjWmBdh3p10OCR28tOuZnPcLb2mxLG7x2zNmCjWMmn86YyNBy,amainstoneoo
tblondenop@simplemachines.org,$2a$04$rbCSmhlpQEp1V5A3uXueNOx92DYzWFrkw2kOkMbqadki0zDBRbVOe,tdranop
fimrieoq@bizjournals.com,$2a$04$5eG3f.wpLm0MuZn2wOTpf.B1l1mwnZniW.x7n65cuS6HtFu.cr9ya,mnewsteadoq
fmcandrewor@sohu.com,$2a$04$rcmBGejkCWMeSCaxPvxqbuh0XjTPMtVebt8D2MSkBgqmUJxqRPUiS,iseamarkor
cglazyeros@amazon.co.uk,$2a$04$CfUT7OrNJon0Iy8X5SMi.O6UfXYvW3B5y0UKuFhkzJ7nbBi3yiKy2,dkinderos
asheasbyot@webnode.com,$2a$04$.fCvO1XHfmknQLD5D4rEHuXNaiYGTk4dfUcwUWtwbBcOcBPWoSoMO,gfippot
greddieou@cocolog-nifty.com,$2a$04$LeAFT0VtZqFVDtzdj3vLze58trXisQLMO3w3oGmYdZKG6AMrQV7QS,mbearhamou
pbiskupekov@nih.gov,$2a$04$1lpMwzAMJ2IwFdsjdeWK.emG8/6.UaoYXmY/dmOUaJFZlVxeD9JeO,nhellwigov
cfortmanow@surveymonkey.com,$2a$04$5qYdNvqreaH23caA6pFzleq1tEbi5azI6hWNuxJkla3Y.dLFWCbN6,fbeaconow
finnisox@uiuc.edu,$2a$04$JYFM8hFYUwXwIqaSetiFWu0Zo6fc1i3Xlr.cDK8h7zc/IT88ajBIS,ggeraudyox
rwellsteadoy@blogspot.com,$2a$04$QqPFrOSiJjoAOykcremVbeqQiFAD.EGq4uZGjVPKahL/wtWpXfypa,eellickoy
eoreganoz@51.la,$2a$04$hJq/GvND9ENrPHUOE/Ojpui1djcCj8hkF9nw7NE4vsFF9glrHTKA2,ekemptonoz
mlennonp0@163.com,$2a$04$ZS4Q7hkqRLibbJJQSRYH4ux62xKWs3WLOuZEGy6o.LzIe.xm0s7oK,pwhittetp0
jilchenkop1@usatoday.com,$2a$04$qmw.ML6c99z.gcr7Q1O7fObZcLlQ778Vl4FA1BeN2u//1aQxvzqSu,mairesp1
sjimpsonp2@wired.com,$2a$04$jHMF3DtKwczA8yh83hrbROW3f5fgoMZiWCPlw9LdIBqb412V9NCyG,clamminp2
pdewarp3@e-recht24.de,$2a$04$LMwKwuWciufFgNDiH5ReauHTEj1ITpKxZuIz4xh/6NbHJv57demwi,aaiskovitchp3
kjouannotp4@huffingtonpost.com,$2a$04$4ZuHN1BW3PfbqN5AaRO1P.oT6mhD0k24NIgBGE6AZQ2UEH5BUwvpi,arennardp4
edenerleyp5@bloglines.com,$2a$04$xseP77Q7ds8PgRX6ow8Q2evZ5hdWDihj0l5kXYvnfksdC8aLZGQjq,rforwardp5
apursglovep6@drupal.org,$2a$04$OdtcevVtyBnR9laVn0SGheOp9Uzeqgpk7RL/d4sR25zGU72OukbVe,abrinep6
rmerrissonp7@geocities.jp,$2a$04$I4996auWUEov1SZ7z96bMeRJ64JeHJXTrDg1ev.5I522ls6B9KAm6,pgaskerp7
ngrangerp8@cpanel.net,$2a$04$Kq1mlIsO9r2B5EdhvygUOO6H8ndFGXm7Z/kLF.ggS.TDKvmaj2opS,pbrumwellp8
lmelliardp9@163.com,$2a$04$sa/ZtHjAJnVfQnxMsO7h3.J/wp8tOkvd9iZVdsFXwv1Qx0ClGifnK,blindenmanp9
dillyespa@marriott.com,$2a$04$Jo4iNUqTbYAxToy9WK3qWOsuJqKBqAoEdj4SE0zKl98kQyACL9UTe,odalliganpa
fdinapolipb@java.com,$2a$04$c0fdQJPV9T0EEFYjPxfh6eTizW/6NxQoM9QK7/NPH1RD01WDuW592,ahankspb
ibramopc@uol.com.br,$2a$04$RqT4crR2lHt/BQSMtq3NLO1QX6o3zm2G3w5vrBlBiQCs5XFHLiG6W,jfarnespc
cwalcarpd@google.cn,$2a$04$w6xsjasuNAFs/7rj05.De.v64kazTWVFDlvj5V36rjJRt0F4wZbk.,mbellochtpd
kpietrasikpe@photobucket.com,$2a$04$cNoTU2Xi14Z0QmBDsn52y.TDh3ZYkhXPa9k62uu49eLKtxNYGYF8C,pallibanpe
mfriselpf@forbes.com,$2a$04$/XKvCsv5bOHmz8c/X0Fpo.Wc6u1jhpW4SFFmJlMYVNXX4SSEtg70m,fniavepf
gschoularpg@time.com,$2a$04$hUUnHHxpGU1TzRXAG6K8buq9qy30YEe5CJn5YhLjsgspd3YakP.bO,zfairlambpg
ciltchevph@a8.net,$2a$04$URmKozPPHmjxtUTlI6.u7eNaJCAjIr6xv7fNwFaOQLmyfhTSKVii6,tsteedmanph
godegaardpi@networkadvertising.org,$2a$04$H.owlLAlbnK0VzIB6N1hhuM8/3xbhykZEoOt/aTVSMfUHnET0WHua,grennpi
tpiquardpj@bing.com,$2a$04$bX3dUo4iYFvtMN8MYVc4HuY6jefhsQiy1WPgdOqjaH/YXR7Nkeqjm,hferruzzipj
ldietzlerpk@nifty.com,$2a$04$eY95hf5BGUgS2jy.PLzcC.JCItZM3EUEPR127BiaDK4eZ9fo6fZOO,dpocockpk
jreaypl@ftc.gov,$2a$04$vXenywTr7aoDgw5Pd.4g4uUTl51hgdQIR/gk4Ph3hjK.kXG.bCAaq,rmarmyonpl
njolliffpm@skyrock.com,$2a$04$nfcXvWFkqBvhgUF85eBLneA0KMgs6SnClRO93mTES8GXvVMw0q5wa,doakspm
gtatchellpn@so-net.ne.jp,$2a$04$YzilXndvIXx5Q8.iV7WFBuAtGBfZJhz2oFxNomUbDicIBF8rb/TPu,mharlingpn
lattopo@tiny.cc,$2a$04$D9tXAkoFyls19p44Ekv4ZuWtK6Upnuvwdm4K2U5YRjkIWClfcuBwu,lstripppo
sdyersonpp@theatlantic.com,$2a$04$zDkFnNA2FCzcdXhCPSCEIe8AXImqMouWAWRH/O0ng1IDSTeYdXDo6,ebetjespp
shauxwellpq@phoca.cz,$2a$04$hathTNNyb/HriDgi82JfgOCrLUON0wSpWZFYHLfM1xjD4bWnYDe0q,ahatchettpq
abirchenoughpr@myspace.com,$2a$04$/O7xKkccB/tZQ7tEtlglCe/lCHFDfCol3QLgRvBWQIcq0JSfgM5DG,falbenpr
szuanazzips@myspace.com,$2a$04$mIzkSmTL5LD83evjeigtQegnWXs3QnOlmty6kRMIfKunafTlFmObG,efallonps
cdelislept@cbslocal.com,$2a$04$t1Gg.50VgZoXtlOiKQmZI..SHtcV/iTdebFWbDfzZ/GVN6wdWB94G,ohurlingpt
wsandwichpu@wikipedia.org,$2a$04$nzBeTNca0Aq1HQlcEX0ltujz9wKgo33Uftd1/U5mwgcA6rYe5swDq,dtumiotopu
aishakpv@instagram.com,$2a$04$gMfKCfW/xPpp3.cb102cQekC.z7/jizehK9JrXOOjwhQpqloe.gw.,lstummeyerpv
gdarwoodpw@wikispaces.com,$2a$04$gpTlRbC7CLFwOKGu9DOYc.ZhBPRftaR2f1.V108K5pjlE1kOC9fsi,bcubberleypw
bgeroldipx@google.co.uk,$2a$04$bf3H/e9G3DhvaaG3r/A63.Uztz61HLfI8HNn.OdloO.by2l3e/6yq,nmackisonpx
mdallinderpy@pen.io,$2a$04$7.uAYvRQUkS8fMqT.9SyFOaQPXhjM0nicnLevnHC9FirPPLmaBWSa,sfeldharkerpy
cwynchpz@over-blog.com,$2a$04$D4OOxbQcB9GTOdYMlQw7X.UaYBZ780nsMcbZtPy0QfK/bF.Ueqa0m,vfeldhammerpz
cailwardq0@whitehouse.gov,$2a$04$v8B1v7/glfdaOxmhXA.DvOo8/SnRc1MAnoIYPD6xF3dVw7Pkz1Z8e,pewingsq0
wwesonq1@a8.net,$2a$04$jHkYv6WyhZMhGcuVlGGiPeh6AovPMYr.IQd2J7mexd22s.k2NMQGi,reulerq1
tlockeryq2@edublogs.org,$2a$04$fIZhsipq4TaR6aZ5fWv1d.Y1af0yBwfC6J2ODoa7bGQw3VRjM0UGu,dshaddickq2
kbrecknallq3@archive.org,$2a$04$Xt05iTuDtaQtTAb/2Uz.lOHkmCMmxDQ.wEyGVTC67t7IpWEmLlnoW,mclemenceauq3
kstalleyq4@edublogs.org,$2a$04$Bw5aDwp.ScHEjPua9A2uM.w8xgMZzzius/uYHpn1E/4luLPWBCxym,cassonq4
pcleughq5@istockphoto.com,$2a$04$8KApax5wbTcQ26qyDOUMbeuaLqDEn./LXobyEw7QyXHf2DHqrtlV2,svandersonq5
dsponderq6@mozilla.com,$2a$04$tbN19.xY5TP/V/.nwlokEe5e2AU3yw3D1xkizre9x8UICLiGUxUqi,elaurenzq6
colinq7@surveymonkey.com,$2a$04$qTVqB.99MxjWUXRxO.OUNO3ZCPyrrgQ2QLrSIljqsTdaqGDQXOaPW,ldowlingq7
rcastanerq8@godaddy.com,$2a$04$vEI4M6YIuzDMI5yjtTu8cOsH3hS6fYVZEPZfrjKfIteYmmTOX7Ozm,gscotchfordq8
rbearcroftq9@webs.com,$2a$04$HMPxei.fhEVE3/SXlzo/WOlIRLW6JUrc.jlCgQ8tfTvkhchqvkLNG,wbuckleighq9
bbuttenqa@woothemes.com,$2a$04$WtFiMLm5NOWlNjzis6BwwefcBSzlkm/4nCgYmZKsgdYvklIacgnXS,jjanceyqa
jpennqb@rambler.ru,$2a$04$tvYSDPRHVEexdTFyKt.nOeOyXkMnyC/xccdTklwzWfK/iu7LJm84u,lruppelinqb
rsextonqc@scribd.com,$2a$04$8Wcs4Cjt1OgqPXw6x.Q2hulM7qUIlllMVGH1BzOChgsAYQhpyNLKy,hnibloeqc
crumgayqd@weibo.com,$2a$04$7fNOBG7xoE7jQ6bC.iYxku5kl2pcIacJNiVkJ2Mb2bj5c.QApA3LC,ablevinqd
ggierekqe@dell.com,$2a$04$KJZK5.DNd19YVwF44BDsDuy2cKp.LKJ5xxSIi0beqTVp0NHyOB1aq,cfishlyqe
bberndtqf@ucoz.ru,$2a$04$aPu078E0aKH6PF75enWiIeNzYMASYPc5zzHWrb1LxG8NpMonddOgW,gharlettqf
qcarcassqg@patch.com,$2a$04$m/ReK.uOoujEB1bKh/mK0O9otm0rHsyN1oPRW2cI.c8HMImsxRjF2,mfawssettqg
gdelapqh@opera.com,$2a$04$OtzLn6ItsJbwiGXUoqj57.tUJCMg6dx1BrnuR1IQAoPE834s5MldW,pbedminsterqh
bcianiqi@mediafire.com,$2a$04$yrVGUtGwW826fNteS8Y5w.IvyUCftoeX8Hbp3xY.fUiMqEpOwozlS,atraylenqi
krodgersqj@apache.org,$2a$04$9h0XIExLuAUeO7m/2tPLpeCh1JrWhy.sBOYD71emJ0ukbAloTbhzK,jmcmichaelqj
jharringtonqk@unblog.fr,$2a$04$eeVLCm8zitK0UFui1ki6deevx2yqb8npsZh96M0M2EWGmnE3A20aq,mloadesqk
pannesql@alibaba.com,$2a$04$f9LPrW/YWhCrCcn75gForuarGuif7JzeRNPP0c0dmwQAiHVHFVGh6,tstratheql
dmcguinleyqm@miibeian.gov.cn,$2a$04$kjvswg8dCI3fH8u0yxXk9OSfkkPH04ZJWvMp3KtnAQMNorYuDMUA6,rodunniomqm
tbickqn@amazon.de,$2a$04$8QhL2uK4zjUDzf4QCFjVduo4D5MTFGeL/jodyFBSCyzzwGF80y5NW,askirlingqn
lmorlingqo@networkadvertising.org,$2a$04$9lcUkElPQLIFHemTenSBEO9nmye79vANVZtj6gORmHvxSc/AozQee,hmacgorleyqo
rgarreltsqp@chron.com,$2a$04$trOGNWiF1vniRAUmXGbau.MMRoQJb4NQOlSu0Opg2jaY10IE8yvnC,cpophamqp
prubenqq@businessinsider.com,$2a$04$08/UoWEObAXm47Yi3pfmi.HKqx1gHbdlojTSp7u5BGls4PPAAetBi,alashmoreqq
tglencrosqr@foxnews.com,$2a$04$0rgnShHZgws3f48JTtKxAeRtGeALr4yI8FurmQzL1Gw1i6udT6JTS,crenvoiseqr
ajozefczakqs@indiatimes.com,$2a$04$.8fjGDlQdNKOye4mPGiZcuC4Fr.n6c/KBhDU7ovAMLUEDpplGknlS,ltongsqs
dlathayeqt@twitter.com,$2a$04$f5K7eBeaQvSOCgFkgZ9jBuVTl1HFmcBn81pytAQLrH7fPyQd6gelG,vwilshireqt
ahelstromqu@cyberchimps.com,$2a$04$2ct3TbjnOZQZbEONGgfLE.JEkY4O406LAJ7jNPzLgnbJktKpv0.ya,tpiotrkowskiqu
bdartheqv@sohu.com,$2a$04$ctV41FQnpqDDuOFJmEEdWOxfcm.m1iPEWKqjV/Qy/0P2VETNiUL8.,mphiferqv
wpiattiqw@biglobe.ne.jp,$2a$04$Lt0vmadPPB1El7kxF3/K..zofL6.kXtySdOJcWzO6qB13slZKUwRe,gfrankcombeqw
gmarreqx@europa.eu,$2a$04$bsTaRbV0gDmKpHKXKXuZ5uveLfLYzBMiqBzL1kU58gVwkJU1XN1my,wphelipeauxqx
dgronowqy@sakura.ne.jp,$2a$04$tHH8o3BsTzT7zrp2.DZxaOoF2LNNHlNhbl8O1JPHKeClLcRhlbEva,hcraftsqy
abotgerqz@uol.com.br,$2a$04$LxXKoGUN5T4Wqx/mnEJTEe1UW0IAVwvEWr0eMFPDezKz0AMvrQ7iG,jrichfordqz
atucknottr0@oracle.com,$2a$04$VQQiC1b4J7QD5qshMSAyOObTePzy6sKkRSFS/KYFocnDZPfOB.Inq,rmanshawr0
rsetterthwaitr1@oaic.gov.au,$2a$04$fiv11ptyP15ePI2kCIe3yecxJdr9tDP5KYW1onmrnqsmQWNHy4.J2,mbridglandr1
bskarrr2@jugem.jp,$2a$04$L5Wo8C4ChKaMRsUx8AyrWeEzf8eRL6x4LD4sLpoA.HoyTF4dF2/gq,pthalr2
ktaffreyr3@theatlantic.com,$2a$04$N06FW3818EXVdtfjBNMSsONMkLh1bWruj6eN.gDCSZEl67kHXKeaG,rcastror3
cdirrr4@amazon.de,$2a$04$4bHSew3t7YfHt.S.zJ17WuVWoIFsvVF5JGOOHwecPIExP6zcIup6S,rkroinr4
rhandrokr5@pagesperso-orange.fr,$2a$04$tfBId1iJ.xtm5dVnXiER1.fqJ21arq2bIF2xno9WQtWYddwGxvV2q,kskrinesr5
dkenworthyr6@ox.ac.uk,$2a$04$EGKKJwaOrZ3XwR3Ev3qXmOGSyA11H07sidt1kLNn66baYdCS8BmCO,cyurovr6
emorsleyr7@si.edu,$2a$04$1gpklu7tiH5WIcB/FGiOheNomjSY2AiPfeC6rnCKheqw6z.vzt48q,cungerechtsr7
wlourensr8@zimbio.com,$2a$04$kPEs1qQd9Y0w7UyqnGqVluXYuFbUkYiP634s5cReHULXedIZ6sNsi,rmaclachlanr8
gjancar9@parallels.com,$2a$04$l380MwqGeOVa22wH.HIH5ew04MJQsRbqYEW/5WkJxGoIilO2itdOO,ffeer9
wcapinettira@dagondesign.com,$2a$04$BJWBQTMCXoLnaN6y1r0RTOg6dVXEvNhugTwyLuZV1e3ftnS2leZ6i,tgroddenra
rmccunnrb@wsj.com,$2a$04$QqkhlXACKUwaEID.3SfjKONyBPA3kJ10.5sGAQgc1a980hx0jUVdu,ngreedrb
ltunnarc@scientificamerican.com,$2a$04$XnjQYSVsdBwHaZFxPv3o3e.JFVlGDEUMtnhSL1FHICbfJjWC/tRoe,jfollingrc
bgorwoodrd@behance.net,$2a$04$YClpnw9OzmGHco.Y6qcrkOLaDxKAlDGfcC5DqjaFq6jky.RRGI3tS,vfeaveryearrd
mfourcadere@google.fr,$2a$04$sQQ8DI8hHThrp6WJmffQWOUjHfaNhpg6BdXY4ommeeP0uJDfitE/m,mhagleyre
adiversrf@howstuffworks.com,$2a$04$x.Q1pvP3IZkVDorNPnHib.MCz8yMTVxmnBwoC7XYZGNurhMte6E.C,mchallenerrf
kdigregoriorg@eepurl.com,$2a$04$27.5ZQkY4nlua.yVXn8MPecKfb7e797XJo1svDt1bXDb/oIKIk8zO,lmundfordrg
lodoireidhrh@buzzfeed.com,$2a$04$4oNVNv/SMIEsi4X9cp2mRODkATcCsC6rST7sU9MgXZ1XTa6qa45Ry,lflacknoerh
vnewickri@feedburner.com,$2a$04$cbdNoAJS/8h7jlXv.5mBHOtUrTKAoJJeww9v5mzmJiM2DBwv7fGSi,echelamri
atongerj@ezinearticles.com,$2a$04$j9ISUPdJ40xEO/cuxgr8H.TxguKIJMcDpJv3OQg4WBzyPdhMtXs9C,cdewersonrj
rheatherrk@tumblr.com,$2a$04$H2EKdfaN3YucgI3mXnclue3/7mCBn6K7D9ueKYRGoj3bM8rJ7bXHC,bferrerirk
jurryrl@newyorker.com,$2a$04$.7MXnN9ibYh10cp.e4RmFus4WBXWRjvZwCOcAXz9A7VVPbnZ8Jt02,alangmuirrl
cwestcarrm@moonfruit.com,$2a$04$ZDKAPLCuo8rQuSUIUd4wQuPIRHm5o0ouY/2cqmxdykQzUWDv7ONAK,nmacdavittrm
dvuittetrn@jugem.jp,$2a$04$T9oZHWeuIj.qglslyhQgIOMOhKpJhOwir4gMBh.x75QBo.HucwvPa,agillespiern
cgirtonro@google.co.uk,$2a$04$/fiSD0X4sXfMA2GLSV3waObX0bfgEahu/aD0MZY4ijIgHk0TxvZpe,vmulvanyro
psatterleerp@bbc.co.uk,$2a$04$hEZE4CZibswOYCdngtC56u2ixpAALhi3SMF8hZz4eSO88t/bhmZby,relcockrp
ddevennierq@shinystat.com,$2a$04$KRwqIa1Dw3q8J9oj4WowyugttGMFcOVRn6m0VWo4NpYEdyVJICusC,shuskissonrq
mtabourierrr@360.cn,$2a$04$4sw64kCGO95JU2l22UcMQOAb.Fqqb2P9rfizjzf7VZzW8X6F/ZAdy,fcarreckrr
